account_id,company_name,industry,country,employee_count,signup_date,plan,subscription_id,seats,status,mrr,started_on,ended_on,ticket_count,avg_resolution_hours,avg_satisfaction,open_tickets,user_count,invoiced_amount,invoice_count,paid_invoices,seat_utilization,ticket_rate_per_100_users,invoice_collection_rate,is_churned,signup_cohort
221118,Xenon Analytics,Logistics,Japan,3,2024-07-22 17:11:47,Starter,500709,3,active,36.0,2024-07-22 17:11:47,,4.0,16.725,3.75,0.0,2,362.47,10,8,0.6666666666666666,200.0,0.8,False,2024Q3
697547,TriggerPoint,Software,Brazil,75,2025-02-08 13:10:44,Growth,500766,15,active,360.0,2025-02-08 13:10:44,,4.0,77.725,4.5,0.0,9,6155.36,17,15,0.6,44.44444444444444,0.8823529411764706,False,2025Q1
753247,MeshWorks,Manufacturing,United Kingdom,30,2023-11-17 15:15:33,Growth,500582,30,active,720.0,2023-11-17 15:15:33,,4.0,75.275,4.0,0.0,28,8746.6,12,8,0.9333333333333333,14.285714285714285,0.6666666666666666,False,2023Q4
931016,Catalyst CRM,Retail,Germany,58,2023-06-13 07:14:32,Growth,500245,11,active,264.0,2023-06-13 07:14:32,,5.0,76.075,4.0,1.0,10,3976.76,15,15,0.9090909090909091,50.0,1.0,False,2023Q2
254108,Junction Cloud,Financial Services,Canada,11,2024-04-18 18:14:32,Starter,500083,11,active,132.0,2024-04-18 18:14:32,,4.0,19.2,3.6666666666666665,1.0,10,1339.92,10,8,0.9090909090909091,40.0,0.8,False,2024Q2
394508,StackBase,Software,Germany,21,2023-08-28 09:25:01,Starter,500543,3,active,36.0,2023-08-28 09:25:01,,4.0,26.5,4.25,0.0,3,580.8,16,12,1.0,133.33333333333331,0.75,False,2023Q3
919775,HorizonSaaS,Financial Services,Netherlands,56,2024-03-06 14:38:08,Growth,500767,24,active,576.0,2024-03-06 14:38:08,,6.0,26.675,4.0,2.0,14,7082.11,12,10,0.5833333333333334,42.857142857142854,0.8333333333333334,False,2024Q1
363409,LaunchPad HQ,Financial Services,Canada,32,2025-01-08 10:51:45,Growth,500580,28,active,672.0,2025-01-08 10:51:45,,4.0,14.95,5.0,2.0,17,5958.93,9,8,0.6071428571428571,23.52941176470588,0.8888888888888888,False,2025Q1
423101,Keystroke AI,Software,Brazil,310,2024-08-06 15:49:55,Business,500267,105,active,4620.0,2024-08-06 15:49:55,,2.0,40.2,1.0,1.0,74,64758.3,14,13,0.7047619047619048,2.7027027027027026,0.9285714285714286,False,2024Q3
644079,PipelineIO,Manufacturing,Canada,58,2024-04-07 14:36:53,Growth,500768,15,active,360.0,2024-04-07 14:36:53,,5.0,36.825,3.5,1.0,14,1883.03,5,4,0.9333333333333333,35.714285714285715,0.8,False,2024Q2
452461,Inline Systems,Financial Services,Canada,30,2023-11-11 12:51:24,Growth,500450,24,active,576.0,2023-11-11 12:51:24,,7.0,52.63333333333333,3.8333333333333335,1.0,15,5036.77,9,8,0.625,46.666666666666664,0.8888888888888888,False,2023Q4
282947,Lattice HQ,Retail,United Kingdom,5,2023-05-14 10:53:40,Starter,500769,5,active,60.0,2023-05-14 10:53:40,,7.0,40.86666666666667,4.333333333333333,1.0,4,784.8,13,12,0.8,175.0,0.9230769230769231,False,2023Q2
645195,JetMetrics,Education,Australia,11,2024-08-08 14:27:56,Starter,500494,3,churned,36.0,2024-08-08 14:27:56,2024-12-31 14:27:56,5.0,30.820000000000004,4.0,0.0,2,389.15999999999997,11,10,0.6666666666666666,250.0,0.9090909090909091,True,2024Q3
812313,Gradient Labs,Financial Services,Canada,21,2023-08-02 16:25:40,Starter,500770,8,active,96.0,2023-08-02 16:25:40,,6.0,62.7,4.25,2.0,8,1622.91,17,17,1.0,75.0,1.0,False,2023Q3
118279,HubStack,Healthcare,India,34,2025-02-04 12:41:37,Growth,500771,24,active,576.0,2025-02-04 12:41:37,,6.0,39.25,4.25,2.0,19,11464.95,20,18,0.7916666666666666,31.57894736842105,0.9,False,2025Q1
421775,Envoy Platforms,Healthcare,Netherlands,7,2024-06-30 07:39:12,Starter,500464,2,active,24.0,2024-06-30 07:39:12,,5.0,42.06,4.6,0.0,2,336.76,14,12,1.0,250.0,0.8571428571428571,False,2024Q2
341901,TriggerPoint Labs,Healthcare,Japan,22,2025-01-23 09:58:31,Starter,500772,6,active,72.0,2025-01-23 09:58:31,,3.0,32.5,4.0,1.0,5,1073.65,15,11,0.8333333333333334,60.0,0.7333333333333333,False,2025Q1
909740,CloudPeak Systems,Education,Japan,116,2024-09-19 13:01:43,Growth,500098,10,trialing,240.0,2024-09-19 13:01:43,,10.0,43.739999999999995,4.1,0.0,8,2155.43,9,8,0.8,125.0,0.8888888888888888,False,2024Q3
259373,PipelineIO Labs,Software,United States,16,2024-08-27 19:41:43,Starter,500773,6,active,72.0,2024-08-27 19:41:43,,4.0,60.85,4.75,0.0,5,1164.94,16,16,0.8333333333333334,80.0,1.0,False,2024Q3
173985,Lattice HQ Labs,Retail,Germany,6,2023-11-05 15:16:50,Starter,500521,4,active,48.0,2023-11-05 15:16:50,,9.0,33.65,4.5,1.0,3,441.2,9,7,0.75,300.0,0.7777777777777778,False,2023Q4
649882,GridLogic,Software,Australia,7,2024-12-08 14:07:40,Starter,500425,7,trialing,84.0,2024-12-08 14:07:40,,4.0,49.725,4.5,0.0,6,1396.95,17,17,0.8571428571428571,66.66666666666666,1.0,False,2024Q4
552380,Junction Cloud Labs,Software,India,139,2024-04-18 07:34:21,Business,500215,37,active,1628.0,2024-04-18 07:34:21,,5.0,47.0,3.8,0.0,32,21410.95,13,11,0.8648648648648649,15.625,0.8461538461538461,False,2024Q2
527428,TriggerPoint Systems,Financial Services,Australia,304,2025-08-21 15:08:18,Business,500656,131,active,5764.0,2025-08-21 15:08:18,,3.0,13.299999999999999,4.333333333333333,0.0,121,75352.34,13,12,0.9236641221374046,2.479338842975207,0.9230769230769231,False,2025Q3
661655,InfraPoint,Retail,Netherlands,5,2023-03-27 11:20:52,Starter,500183,5,past_due,60.0,2023-03-27 11:20:52,,5.0,39.239999999999995,4.2,0.0,4,722.42,12,11,0.8,125.0,0.9166666666666666,False,2023Q1
761986,TriggerPoint Group,Logistics,India,122,2024-03-26 07:40:13,Business,500201,77,active,3388.0,2024-03-26 07:40:13,,3.0,28.566666666666666,3.0,0.0,51,44323.41,13,11,0.6623376623376623,5.88235294117647,0.8461538461538461,False,2024Q1
799789,GridLogic Labs,Financial Services,United States,20,2025-05-30 03:44:46,Starter,500774,7,active,84.0,2025-05-30 03:44:46,,4.0,21.866666666666664,3.6666666666666665,1.0,4,1198.2,14,13,0.5714285714285714,100.0,0.9285714285714286,False,2025Q2
682986,InfraPoint Labs,Software,France,14,2025-04-30 09:12:15,Starter,500676,11,active,132.0,2025-04-30 09:12:15,,6.0,55.82000000000001,4.2,1.0,11,1161.3899999999999,9,8,1.0,54.54545454545454,0.8888888888888888,False,2025Q2
342116,HubStack Labs,Software,United States,16,2025-08-24 14:17:40,Starter,500775,5,active,60.0,2025-08-24 14:17:40,,2.0,8.35,4.5,0.0,3,596.52,10,9,0.6,66.66666666666666,0.9,False,2025Q3
699585,Deployly,Logistics,Japan,7,2024-12-17 09:14:31,Growth,500776,7,active,168.0,2024-12-17 09:14:31,,5.0,29.3,4.5,1.0,5,1157.07,7,6,0.7142857142857143,100.0,0.8571428571428571,False,2024Q4
799901,FunnelSoft,Manufacturing,Germany,84,2025-06-30 08:56:37,Growth,500573,29,active,696.0,2025-06-30 08:56:37,,3.0,34.86666666666667,4.666666666666667,0.0,17,6318.72,9,8,0.5862068965517241,17.647058823529413,0.8888888888888888,False,2025Q2
260118,NexusOne,Software,Canada,231,2025-01-15 08:30:47,Business,500125,85,active,3740.0,2025-01-15 08:30:47,,4.0,35.525,4.25,0.0,64,44560.18,12,11,0.7529411764705882,6.25,0.9166666666666666,False,2025Q1
821114,VaultStream,Software,Germany,43,2025-01-13 10:45:50,Growth,500777,19,active,456.0,2025-01-13 10:45:50,,5.0,25.08,4.8,0.0,16,3214.59,7,7,0.8421052631578947,31.25,1.0,False,2025Q1
516478,QueryForge,Retail,Japan,3,2024-06-04 08:09:21,Starter,500778,3,active,36.0,2024-06-04 08:09:21,,3.0,15.266666666666666,4.0,0.0,2,390.11,11,10,0.6666666666666666,150.0,0.9090909090909091,False,2024Q2
676614,VaultStream Labs,Retail,Australia,44,2025-07-16 12:38:09,Growth,500629,17,active,408.0,2025-07-16 12:38:09,,5.0,39.02,3.8,0.0,10,5273.26,13,11,0.5882352941176471,50.0,0.8461538461538461,False,2025Q3
591806,StackBase Labs,Retail,Japan,18,2024-11-20 14:26:23,Growth,500779,18,active,432.0,2024-11-20 14:26:23,,3.0,23.133333333333336,4.666666666666667,0.0,11,3390.89,8,6,0.6111111111111112,27.27272727272727,0.75,False,2024Q4
980608,QueryForge Labs,Financial Services,United Kingdom,27,2024-08-26 09:20:21,Growth,500780,10,active,240.0,2024-08-26 09:20:21,,3.0,54.300000000000004,4.333333333333333,0.0,7,2709.44,11,11,0.7,42.857142857142854,1.0,False,2024Q3
814957,ZeroFriction,Software,Brazil,25,2025-06-01 17:09:42,Growth,500636,21,active,504.0,2025-06-01 17:09:42,,2.0,77.35,5.0,0.0,16,4885.76,10,8,0.7619047619047619,12.5,0.8,False,2025Q2
198781,Envoy Platforms Labs,Software,France,23,2024-09-10 14:23:19,Starter,500683,7,active,84.0,2024-09-10 14:23:19,,9.0,45.1,3.625,1.0,6,1495.95,18,16,0.8571428571428571,150.0,0.8888888888888888,False,2024Q3
398032,Gradient Labs Labs,Software,France,3,2025-09-22 15:49:23,Starter,500231,3,active,36.0,2025-09-22 15:49:23,,7.0,37.68333333333333,3.8333333333333335,1.0,3,501.2,14,12,1.0,233.33333333333334,0.8571428571428571,False,2025Q3
641328,Deployly Labs,Healthcare,India,17,2024-11-19 16:56:32,Starter,500270,2,active,24.0,2024-11-19 16:56:32,,3.0,64.73333333333333,5.0,0.0,2,435.07,18,18,1.0,150.0,1.0,False,2024Q4
499802,HubStack Systems,Software,Australia,10,2024-01-15 12:26:04,Starter,500008,7,churned,84.0,2024-01-15 12:26:04,2024-10-12 12:26:04,0.0,,,0.0,5,1343.46,16,14,0.7142857142857143,0.0,0.875,True,2024Q1
448227,VaultStream Systems,Software,Australia,33,2025-06-09 12:54:27,Growth,500214,33,active,792.0,2025-06-09 12:54:27,,2.0,19.7,3.5,0.0,25,5560.87,7,7,0.7575757575757576,8.0,1.0,False,2025Q2
872118,TriggerPoint Technologies,Financial Services,Japan,1043,2025-02-23 15:25:11,Enterprise,500781,109,active,8611.0,2025-02-23 15:25:11,,3.0,52.333333333333336,4.666666666666667,0.0,77,129647.03,15,14,0.7064220183486238,3.896103896103896,0.9333333333333333,False,2025Q1
206487,Unified Ops,Software,Australia,6,2024-09-30 13:30:01,Starter,500782,6,active,72.0,2024-09-30 13:30:01,,3.0,90.83333333333333,4.0,0.0,5,840.1700000000001,12,11,0.8333333333333334,60.0,0.9166666666666666,False,2024Q3
203708,Deployly Systems,Financial Services,Canada,90,2025-05-02 08:58:18,Growth,500077,23,active,552.0,2025-05-02 08:58:18,,6.0,41.46,4.6,1.0,22,5093.21,9,9,0.9565217391304348,27.27272727272727,1.0,False,2025Q2
847537,Catalyst CRM Labs,Software,Japan,842,2025-06-16 12:09:50,Enterprise,500783,196,active,15484.0,2025-06-16 12:09:50,,7.0,40.25714285714286,4.285714285714286,0.0,192,158596.02,10,9,0.9795918367346939,3.6458333333333335,0.9,False,2025Q2
938205,Xenon Analytics Labs,Education,United States,23,2025-02-07 21:47:02,Starter,500181,11,active,132.0,2025-02-07 21:47:02,,4.0,25.325000000000003,3.5,0.0,8,1600.98,12,11,0.7272727272727273,50.0,0.9166666666666666,False,2025Q1
724555,JetMetrics Labs,Retail,Netherlands,14,2024-11-01 18:04:04,Starter,500394,4,active,48.0,2024-11-01 18:04:04,,4.0,41.699999999999996,4.666666666666667,1.0,3,439.67,9,7,0.75,133.33333333333331,0.7777777777777778,False,2024Q4
318162,Junction Cloud Systems,Logistics,Japan,48,2023-01-31 14:24:51,Growth,500517,10,active,240.0,2023-01-31 14:24:51,,5.0,58.724999999999994,2.5,1.0,9,3373.0099999999998,14,10,0.9,55.55555555555556,0.7142857142857143,False,2023Q1
956011,Unified Ops Labs,Financial Services,Germany,69,2025-03-29 14:55:04,Growth,500784,18,active,432.0,2025-03-29 14:55:04,,2.0,13.75,4.5,0.0,13,1720.43,4,4,0.7222222222222222,15.384615384615385,1.0,False,2025Q1
165228,LaunchPad HQ Labs,Retail,United Kingdom,88,2023-05-19 09:39:40,Growth,500350,27,active,648.0,2023-05-19 09:39:40,,4.0,44.35,3.75,0.0,17,7022.15,11,11,0.6296296296296297,23.52941176470588,1.0,False,2023Q2
141893,Omnisend,Software,United Kingdom,16,2023-04-08 14:11:40,Starter,500586,5,active,60.0,2023-04-08 14:11:40,,4.0,55.0,4.25,0.0,5,1222.03,20,18,1.0,80.0,0.9,False,2023Q2
650852,Omnisend Labs,Software,Germany,11,2023-11-30 22:52:26,Starter,500121,3,trialing,36.0,2023-11-30 22:52:26,,5.0,49.36,4.0,0.0,3,463.85,13,12,1.0,166.66666666666669,0.9230769230769231,False,2023Q4
450199,GridLogic Systems,Education,France,15,2025-05-09 12:24:46,Starter,500089,8,active,96.0,2025-05-09 12:24:46,,5.0,43.239999999999995,4.0,0.0,8,1925.49,20,19,1.0,62.5,0.95,False,2025Q2
228677,VaultStream Group,Healthcare,Australia,7,2023-07-27 09:34:36,Starter,500785,5,active,60.0,2023-07-27 09:34:36,,9.0,36.4,3.375,1.0,3,656.36,11,9,0.6,300.0,0.8181818181818182,False,2023Q3
837734,ZeroFriction Labs,Logistics,United States,50,2025-09-23 08:11:08,Growth,500155,49,active,1176.0,2025-09-23 08:11:08,,11.0,47.527272727272724,4.090909090909091,0.0,45,21173.079999999998,18,17,0.9183673469387755,24.444444444444443,0.9444444444444444,False,2025Q3
907406,MeshWorks Labs,Manufacturing,Brazil,5,2024-07-29 08:34:49,Starter,500112,3,active,36.0,2024-07-29 08:34:49,,5.0,17.5,4.666666666666667,2.0,3,429.34000000000003,12,11,1.0,166.66666666666669,0.9166666666666666,False,2024Q3
241202,Unified Ops Systems,Logistics,Netherlands,50,2024-04-29 12:06:25,Growth,500226,42,active,1008.0,2024-04-29 12:06:25,,6.0,19.240000000000002,4.4,1.0,37,11840.83,12,11,0.8809523809523809,16.216216216216218,0.9166666666666666,False,2024Q2
112414,Momentum Tools,Financial Services,Germany,22,2023-02-18 19:20:29,Starter,500786,3,active,36.0,2023-02-18 19:20:29,,3.0,39.833333333333336,5.0,0.0,2,286.2,8,8,0.6666666666666666,150.0,1.0,False,2023Q1
996360,NodeSync,Financial Services,Brazil,15,2025-02-26 08:47:23,Starter,500787,8,active,96.0,2025-02-26 08:47:23,,2.0,7.2,4.0,0.0,6,1443.14,15,15,0.75,33.33333333333333,1.0,False,2025Q1
897529,JetMetrics Systems,Education,United States,3,2024-09-20 09:56:52,Starter,500220,2,active,24.0,2024-09-20 09:56:52,,2.0,15.8,4.0,1.0,2,190.09,8,8,1.0,100.0,1.0,False,2024Q3
333795,HubStack Group,Financial Services,United States,103,2024-12-04 08:34:41,Growth,500501,25,active,600.0,2024-12-04 08:34:41,,8.0,59.7,3.75,0.0,20,6744.69,11,9,0.8,40.0,0.8181818181818182,False,2024Q4
951550,Junction Cloud Group,Financial Services,United Kingdom,8,2023-08-04 09:09:50,Starter,500788,3,active,36.0,2023-08-04 09:09:50,,6.0,40.38,4.6,1.0,2,542.0600000000001,15,14,0.6666666666666666,300.0,0.9333333333333333,False,2023Q3
147538,LaunchPad HQ Systems,Manufacturing,Australia,5,2024-08-17 07:46:38,Starter,500789,5,active,60.0,2024-08-17 07:46:38,,8.0,55.3125,4.125,0.0,4,838.86,14,13,0.8,200.0,0.9285714285714286,False,2024Q3
230161,WorksiteOS,Financial Services,Canada,19,2023-04-30 13:08:58,Growth,500312,19,active,456.0,2023-04-30 13:08:58,,1.0,51.4,5.0,0.0,12,5031.68,11,10,0.631578947368421,8.333333333333332,0.9090909090909091,False,2023Q2
768193,FlowState,Healthcare,Germany,118,2025-04-07 13:11:32,Growth,500273,29,active,696.0,2025-04-07 13:11:32,,6.0,60.583333333333336,4.0,0.0,28,8966.51,13,12,0.9655172413793104,21.428571428571427,0.9230769230769231,False,2025Q2
270148,Axiom Labs,Retail,Australia,38,2024-07-05 08:47:08,Growth,500790,38,active,912.0,2024-07-05 08:47:08,,4.0,21.966666666666665,5.0,1.0,37,7450.860000000001,8,8,0.9736842105263158,10.81081081081081,1.0,False,2024Q3
619919,ZeroFriction Systems,Financial Services,United States,12,2024-12-07 10:41:46,Starter,500195,2,active,24.0,2024-12-07 10:41:46,,3.0,42.53333333333333,4.333333333333333,0.0,1,194.13,8,7,0.5,300.0,0.875,False,2024Q4
473607,DataBridge Pro,Financial Services,United States,3,2024-06-16 21:32:01,Starter,500791,3,active,36.0,2024-06-16 21:32:01,,3.0,26.549999999999997,3.0,1.0,2,688.1,19,18,0.6666666666666666,150.0,0.9473684210526315,False,2024Q2
450789,Inline Systems Labs,Healthcare,France,162,2023-11-17 11:58:55,Business,500123,59,active,2596.0,2023-11-17 11:58:55,,4.0,54.25,4.0,0.0,57,30862.14,12,10,0.9661016949152542,7.017543859649122,0.8333333333333334,False,2023Q4
271150,WorksiteOS Labs,Software,Netherlands,85,2025-06-24 19:20:41,Growth,500389,13,active,312.0,2025-06-24 19:20:41,,4.0,40.9,4.25,0.0,11,3989.14,13,12,0.8461538461538461,36.36363636363637,0.9230769230769231,False,2025Q2
414105,Beacon Software,Logistics,Australia,12,2023-11-09 14:47:16,Starter,500792,6,active,72.0,2023-11-09 14:47:16,,10.0,59.2875,3.875,2.0,5,966.21,13,12,0.8333333333333334,200.0,0.9230769230769231,False,2023Q4
477382,VaultStream Technologies,Financial Services,Australia,38,2023-02-02 15:02:08,Growth,500537,26,active,624.0,2023-02-02 15:02:08,,4.0,36.300000000000004,4.75,0.0,19,4452.91,7,5,0.7307692307692307,21.052631578947366,0.7142857142857143,False,2023Q1
952954,Kinetic AI,Software,France,32,2023-08-03 20:58:36,Growth,500003,19,churned,456.0,2023-08-03 20:58:36,2024-04-04 20:58:36,5.0,49.86,3.6,0.0,19,7245.06,16,14,1.0,26.31578947368421,0.875,True,2023Q3
600774,Basecamp Analytics,Manufacturing,United States,462,2024-09-01 10:44:21,Business,500793,73,active,3212.0,2024-09-01 10:44:21,,8.0,34.800000000000004,3.875,0.0,52,48345.69,15,14,0.7123287671232876,15.384615384615385,0.9333333333333333,False,2024Q3
129289,PipelineIO Systems,Software,Brazil,20,2024-08-08 10:51:38,Starter,500421,2,active,24.0,2024-08-08 10:51:38,,5.0,26.76,3.0,0.0,2,371.26,16,15,1.0,250.0,0.9375,False,2024Q3
729499,WorksiteOS Systems,Healthcare,United Kingdom,78,2024-04-28 08:34:22,Growth,500056,17,active,408.0,2024-04-28 08:34:22,,3.0,38.45,4.5,1.0,15,5199.09,13,13,0.8823529411764706,20.0,1.0,False,2024Q2
304212,Unified Ops Group,Retail,United Kingdom,24,2023-02-28 08:41:30,Starter,500154,7,past_due,84.0,2023-02-28 08:41:30,,1.0,19.2,4.0,0.0,6,1262.05,15,11,0.8571428571428571,16.666666666666664,0.7333333333333333,False,2023Q1
769395,JetMetrics Group,Software,Netherlands,6,2025-07-19 09:20:31,Starter,500603,6,active,72.0,2025-07-19 09:20:31,,4.0,23.999999999999996,4.5,0.0,6,941.28,13,13,1.0,66.66666666666666,1.0,False,2025Q3
892300,InfraPoint Systems,Retail,France,33,2024-06-29 09:26:15,Growth,500794,33,active,792.0,2024-06-29 09:26:15,,6.0,53.720000000000006,3.6,1.0,23,7165.14,9,8,0.696969696969697,26.08695652173913,0.8888888888888888,False,2024Q2
613197,Inline Systems Systems,Software,India,67,2023-04-01 07:44:20,Growth,500725,39,active,936.0,2023-04-01 07:44:20,,2.0,103.15,3.5,0.0,25,13909.7,15,12,0.6410256410256411,8.0,0.8,False,2023Q2
843432,Lattice HQ Systems,Healthcare,Japan,117,2023-01-10 06:07:31,Starter,500249,2,past_due,24.0,2023-01-10 06:07:31,,6.0,26.380000000000003,4.4,1.0,1,219.51,9,8,0.5,600.0,0.8888888888888888,False,2023Q1
768839,MeshWorks Systems,Software,United Kingdom,3,2025-07-14 14:39:10,Starter,500391,1,active,12.0,2025-07-14 14:39:10,,8.0,55.25,4.0,2.0,1,180.83,15,15,1.0,800.0,1.0,False,2025Q3
759736,NexusOne Labs,Manufacturing,Canada,82,2024-07-22 22:58:49,Growth,500509,21,active,504.0,2024-07-22 22:58:49,,6.0,20.849999999999998,3.6666666666666665,0.0,16,9032.74,18,18,0.7619047619047619,37.5,1.0,False,2024Q3
902628,Xenon Analytics Systems,Manufacturing,Australia,137,2025-05-23 08:55:23,Business,500795,71,active,3124.0,2025-05-23 08:55:23,,4.0,33.025,3.5,0.0,61,43235.08,14,14,0.8591549295774648,6.557377049180328,1.0,False,2025Q2
380513,Deployly Group,Healthcare,Germany,13,2025-08-07 15:14:21,Starter,500320,7,active,84.0,2025-08-07 15:14:21,,4.0,30.325,4.0,0.0,6,998.25,12,11,0.8571428571428571,66.66666666666666,0.9166666666666666,False,2025Q3
875061,Xenon Analytics Group,Retail,India,21,2024-10-20 11:17:40,Starter,500555,9,active,108.0,2024-10-20 11:17:40,,3.0,36.2,4.0,0.0,8,2082.21,19,17,0.8888888888888888,37.5,0.8947368421052632,False,2024Q4
713907,FlowState Labs,Retail,India,21,2024-02-16 10:43:11,Starter,500593,4,churned,48.0,2024-02-16 10:43:11,2025-09-15 10:43:11,3.0,64.43333333333334,5.0,0.0,2,680.92,14,9,0.5,150.0,0.6428571428571429,True,2024Q1
832722,HubStack Technologies,Retail,United Kingdom,153,2025-07-04 12:40:13,Business,500796,41,active,1804.0,2025-07-04 12:40:13,,1.0,104.3,4.0,0.0,39,12137.85,7,5,0.9512195121951219,2.564102564102564,0.7142857142857143,False,2025Q3
620640,QueryForge Systems,Manufacturing,France,72,2023-12-29 18:33:31,Growth,500797,19,active,456.0,2023-12-29 18:33:31,,5.0,28.72,3.6,0.0,13,6442.84,14,13,0.6842105263157895,38.46153846153847,0.9285714285714286,False,2023Q4
290736,Relay Systems,Manufacturing,Canada,188,2024-02-06 07:47:11,Enterprise,500066,188,active,14852.0,2024-02-06 07:47:11,,4.0,16.8,4.0,0.0,108,181785.6,12,11,0.574468085106383,3.7037037037037033,0.9166666666666666,False,2024Q1
893066,DataBridge Pro Labs,Software,France,18,2024-05-03 15:03:02,Starter,500735,7,active,84.0,2024-05-03 15:03:02,,4.0,46.199999999999996,3.75,0.0,4,918.09,11,10,0.5714285714285714,100.0,0.9090909090909091,False,2024Q2
769811,StackBase Systems,Financial Services,Canada,34,2024-08-05 09:00:08,Business,500103,34,active,1496.0,2024-08-05 09:00:08,,6.0,63.550000000000004,4.5,0.0,31,23745.33,16,13,0.9117647058823529,19.35483870967742,0.8125,False,2024Q3
633095,Relay Systems Labs,Education,Canada,58,2025-03-30 05:08:30,Growth,500798,53,active,1272.0,2025-03-30 05:08:30,,5.0,72.38,4.2,0.0,36,12627.720000000001,10,10,0.6792452830188679,13.88888888888889,1.0,False,2025Q1
692863,MeshWorks Group,Software,Netherlands,13,2024-06-17 14:07:02,Starter,500335,8,active,96.0,2024-06-17 14:07:02,,5.0,41.666666666666664,4.333333333333333,2.0,6,1339.49,14,13,0.75,83.33333333333334,0.9285714285714286,False,2024Q2
681503,Kinetic AI Labs,Education,Netherlands,5,2024-10-17 11:41:25,Starter,500042,5,active,60.0,2024-10-17 11:41:25,,4.0,38.325,4.5,0.0,4,895.9,15,15,0.8,100.0,1.0,False,2024Q4
679810,VaultStream Digital,Retail,Canada,44,2023-11-20 12:58:59,Growth,500404,23,active,552.0,2023-11-20 12:58:59,,12.0,50.75,4.0,0.0,20,7393.0599999999995,13,9,0.8695652173913043,60.0,0.6923076923076923,False,2023Q4
280156,Kinetic AI Systems,Healthcare,United States,117,2023-11-30 12:23:22,Growth,500207,31,active,744.0,2023-11-30 12:23:22,,5.0,33.839999999999996,4.4,0.0,30,4585.95,6,5,0.967741935483871,16.666666666666664,0.8333333333333334,False,2023Q4
316254,Inline Systems Group,Healthcare,Japan,29,2024-10-01 15:47:01,Growth,500799,29,active,696.0,2024-10-01 15:47:01,,7.0,76.67142857142858,4.714285714285714,0.0,20,12396.130000000001,18,16,0.6896551724137931,35.0,0.8888888888888888,False,2024Q4
256035,Deployly Technologies,Healthcare,Germany,17,2023-11-30 18:06:46,Starter,500010,3,active,36.0,2023-11-30 18:06:46,,6.0,42.56,3.8,1.0,3,494.71,14,14,1.0,200.0,1.0,False,2023Q4
697314,Junction Cloud Technologies,Software,Canada,49,2023-06-05 10:12:29,Growth,500623,17,active,408.0,2023-06-05 10:12:29,,3.0,25.13333333333333,3.3333333333333335,0.0,15,6097.67,15,15,0.8823529411764706,20.0,1.0,False,2023Q2
566579,Kinetic AI Group,Education,Canada,52,2025-05-06 14:52:10,Business,500661,52,active,2288.0,2025-05-06 14:52:10,,2.0,35.2,3.0,0.0,37,37106.3,16,16,0.7115384615384616,5.405405405405405,1.0,False,2025Q2
290620,Kinetic AI Technologies,Retail,Canada,13,2024-10-03 19:52:21,Starter,500007,7,past_due,84.0,2024-10-03 19:52:21,,5.0,37.58,4.0,0.0,6,889.6800000000001,11,10,0.8571428571428571,83.33333333333334,0.9090909090909091,False,2024Q4
662747,ZeroFriction Group,Manufacturing,Brazil,1173,2025-01-23 07:20:26,Enterprise,500486,228,active,18012.0,2025-01-23 07:20:26,,4.0,46.6,3.25,0.0,214,337565.34,19,18,0.9385964912280702,1.8691588785046727,0.9473684210526315,False,2025Q1
157478,HubStack Digital,Healthcare,United States,15,2025-08-05 14:53:20,Starter,500800,4,active,48.0,2025-08-05 14:53:20,,7.0,32.86666666666667,3.0,1.0,4,682.49,14,13,1.0,175.0,0.9285714285714286,False,2025Q3
721049,WorksiteOS Group,Manufacturing,India,14,2024-06-26 07:32:04,Starter,500801,9,active,108.0,2024-06-26 07:32:04,,7.0,43.300000000000004,4.333333333333333,1.0,7,979.08,9,8,0.7777777777777778,100.0,0.8888888888888888,False,2024Q2
261774,Keystroke AI Labs,Education,Brazil,108,2025-06-14 19:40:24,Growth,500802,8,active,192.0,2025-06-14 19:40:24,,7.0,68.84285714285714,4.714285714285714,0.0,5,1906.59,10,9,0.625,140.0,0.9,False,2025Q2
824578,InfraPoint Group,Software,Australia,40,2025-07-29 19:00:07,Growth,500803,25,active,600.0,2025-07-29 19:00:07,,3.0,27.5,5.0,1.0,16,10809.23,18,18,0.64,18.75,1.0,False,2025Q3
565218,Gradient Labs Systems,Education,Germany,206,2025-01-14 09:47:31,Business,500804,62,active,2728.0,2025-01-14 09:47:31,,1.0,40.7,5.0,0.0,57,36035.77,13,12,0.9193548387096774,1.7543859649122806,0.9230769230769231,False,2025Q1
194570,Amplitude Corp,Logistics,United Kingdom,3,2023-07-23 14:21:51,Starter,500695,3,active,36.0,2023-07-23 14:21:51,,2.0,51.0,4.5,0.0,3,690.36,19,18,1.0,66.66666666666666,0.9473684210526315,False,2023Q3
201117,Xenon Analytics Technologies,Education,United Kingdom,30,2024-09-14 17:27:52,Growth,500281,30,active,720.0,2024-09-14 17:27:52,,1.0,121.2,4.0,0.0,21,10265.61,14,14,0.7,4.761904761904762,1.0,False,2024Q3
969635,HorizonSaaS Labs,Healthcare,Japan,8,2025-04-16 00:56:02,Starter,500199,8,past_due,96.0,2025-04-16 00:56:02,,5.0,31.119999999999997,4.2,0.0,6,1160.22,12,12,0.75,83.33333333333334,1.0,False,2025Q2
292475,HubStack Partners,Retail,Australia,52,2024-01-19 16:26:50,Business,500470,52,active,2288.0,2024-01-19 16:26:50,,5.0,33.375,3.25,1.0,39,41464.9,18,17,0.75,12.82051282051282,0.9444444444444444,False,2024Q1
395744,Beacon Software Labs,Financial Services,United States,5,2023-02-24 11:25:51,Starter,500342,5,active,60.0,2023-02-24 11:25:51,,6.0,45.61666666666667,3.8333333333333335,0.0,3,483.84000000000003,8,7,0.6,200.0,0.875,False,2023Q1
395913,Omnisend Systems,Software,Brazil,60,2024-02-15 15:42:09,Growth,500805,15,active,360.0,2024-02-15 15:42:09,,2.0,37.45,4.5,0.0,12,5756.18,16,15,0.8,16.666666666666664,0.9375,False,2024Q1
623050,ZeroFriction Technologies,Education,United States,7,2025-07-07 08:43:39,Starter,500806,5,active,60.0,2025-07-07 08:43:39,,7.0,50.56666666666666,4.166666666666667,1.0,3,709.41,12,10,0.6,233.33333333333334,0.8333333333333334,False,2025Q3
364738,Omnisend Group,Financial Services,Brazil,55,2024-01-23 08:27:44,Growth,500373,35,active,840.0,2024-01-23 08:27:44,,8.0,34.4,4.125,0.0,31,9988.61,12,11,0.8857142857142857,25.806451612903224,0.9166666666666666,False,2024Q1
383347,InfraPoint Technologies,Financial Services,Canada,7,2024-04-10 14:21:22,Starter,500807,7,active,84.0,2024-04-10 14:21:22,,4.0,36.5,4.0,0.0,4,1238.16,15,13,0.5714285714285714,100.0,0.8666666666666667,False,2024Q2
619995,Inline Systems Technologies,Logistics,United States,20,2025-09-06 15:08:29,Starter,500808,3,active,36.0,2025-09-06 15:08:29,,6.0,21.366666666666664,3.5,0.0,2,588.8100000000001,16,14,0.6666666666666666,300.0,0.875,False,2025Q3
943067,Lattice HQ Group,Education,United States,50,2025-01-07 15:57:46,Growth,500079,19,active,456.0,2025-01-07 15:57:46,,5.0,59.04,3.6,0.0,14,4047.45,9,9,0.7368421052631579,35.714285714285715,1.0,False,2025Q1
275252,NodeSync Labs,Logistics,Netherlands,51,2025-01-24 07:35:10,Growth,500362,22,active,528.0,2025-01-24 07:35:10,,9.0,53.22222222222222,4.0,0.0,19,4184.74,8,8,0.8636363636363636,47.368421052631575,1.0,False,2025Q1
617646,GridLogic Group,Logistics,United Kingdom,30,2023-02-26 12:28:50,Growth,500224,14,active,336.0,2023-02-26 12:28:50,,4.0,19.700000000000003,4.5,0.0,10,2693.15,8,6,0.7142857142857143,40.0,0.75,False,2023Q1
240194,DataBridge Pro Systems,Financial Services,Brazil,9,2023-04-10 21:15:40,Starter,500809,9,active,108.0,2023-04-10 21:15:40,,6.0,17.84,4.4,1.0,7,1279.85,12,11,0.7777777777777778,85.71428571428571,0.9166666666666666,False,2023Q2
571416,Kinetic AI Digital,Financial Services,United Kingdom,54,2025-03-30 13:02:11,Growth,500810,9,active,216.0,2025-03-30 13:02:11,,3.0,36.5,4.0,1.0,8,3860.96,18,16,0.8888888888888888,37.5,0.8888888888888888,False,2025Q1
332026,NexusOne Systems,Retail,United States,3,2024-10-16 18:10:53,Starter,500475,3,active,36.0,2024-10-16 18:10:53,,4.0,45.15,4.75,0.0,2,432.3,12,9,0.6666666666666666,200.0,0.75,False,2024Q4
157411,FunnelSoft Labs,Financial Services,Germany,129,2024-11-02 14:40:01,Business,500811,113,active,4972.0,2024-11-02 14:40:01,,5.0,27.975,3.5,1.0,108,99777.83,20,17,0.9557522123893806,4.62962962962963,0.85,False,2024Q4
288393,DataBridge Pro Group,Retail,India,46,2023-11-09 15:28:41,Growth,500179,16,churned,384.0,2023-11-09 15:28:41,2024-08-17 15:28:41,10.0,23.98,3.7,0.0,12,6646.5199999999995,17,14,0.75,83.33333333333334,0.8235294117647058,True,2023Q4
166599,YieldMetrics,Software,Brazil,52,2023-08-05 15:45:36,Growth,500271,29,active,696.0,2023-08-05 15:45:36,,4.0,34.85,4.0,0.0,17,9672.73,14,14,0.5862068965517241,23.52941176470588,1.0,False,2023Q3
727242,Deployly Digital,Education,Germany,9,2024-05-17 17:41:02,Starter,500812,9,active,108.0,2024-05-17 17:41:02,,7.0,50.58,4.2,2.0,7,1606.3,15,14,0.7777777777777778,100.0,0.9333333333333333,False,2024Q2
288150,FlowState Systems,Retail,United Kingdom,44,2025-02-12 16:56:34,Growth,500144,14,active,336.0,2025-02-12 16:56:34,,9.0,34.56666666666667,3.888888888888889,0.0,8,4681.53,14,14,0.5714285714285714,112.5,1.0,False,2025Q1
689786,HorizonSaaS Systems,Manufacturing,Japan,21,2023-04-05 09:19:16,Starter,500813,4,active,48.0,2023-04-05 09:19:16,,6.0,27.066666666666663,4.166666666666667,0.0,4,343.37,7,6,1.0,150.0,0.8571428571428571,False,2023Q2
993977,NexusOne Group,Software,Australia,5,2025-02-17 09:16:52,Starter,500198,4,active,48.0,2025-02-17 09:16:52,,7.0,45.98571428571428,3.857142857142857,0.0,3,623.9,13,12,0.75,233.33333333333334,0.9230769230769231,False,2025Q1
611661,ZeroFriction Digital,Healthcare,Brazil,12,2023-03-29 17:16:45,Starter,500814,5,active,60.0,2023-03-29 17:16:45,,5.0,75.02000000000001,4.2,0.0,4,725.53,12,11,0.8,125.0,0.9166666666666666,False,2023Q1
875381,Junction Cloud Digital,Financial Services,Canada,51,2023-06-10 11:34:59,Growth,500488,34,active,816.0,2023-06-10 11:34:59,,4.0,36.233333333333334,3.0,1.0,30,16422.09,20,18,0.8823529411764706,13.333333333333334,0.9,False,2023Q2
813618,HubStack Analytics,Software,Brazil,10,2025-07-28 16:32:35,Starter,500031,2,active,24.0,2025-07-28 16:32:35,,5.0,28.825,3.75,1.0,1,166.85,7,6,0.5,500.0,0.8571428571428571,False,2025Q3
668250,Catalyst CRM Systems,Logistics,Netherlands,229,2024-04-07 08:44:53,Business,500658,98,active,4312.0,2024-04-07 08:44:53,,4.0,36.625,3.75,0.0,84,72799.87,17,17,0.8571428571428571,4.761904761904762,1.0,False,2024Q2
836507,Beacon Software Systems,Software,Brazil,9,2024-02-07 17:42:29,Starter,500309,9,active,108.0,2024-02-07 17:42:29,,6.0,25.599999999999998,3.8333333333333335,0.0,5,1918.02,18,18,0.5555555555555556,120.0,1.0,False,2024Q1
713834,Xenon Analytics Digital,Retail,United Kingdom,7,2024-08-16 10:23:26,Starter,500815,4,active,48.0,2024-08-16 10:23:26,,5.0,44.3,2.75,1.0,3,1142.79,24,21,0.75,166.66666666666669,0.875,False,2024Q3
740617,VaultStream Partners,Healthcare,Germany,151,2023-10-27 16:10:09,Business,500816,40,active,1760.0,2023-10-27 16:10:09,,1.0,,,1.0,25,16090.87,9,9,0.625,4.0,1.0,False,2023Q4
670800,StackBase Group,Education,France,109,2023-09-14 10:11:17,Growth,500817,12,active,288.0,2023-09-14 10:11:17,,2.0,19.2,5.0,0.0,8,1511.63,5,5,0.6666666666666666,25.0,1.0,False,2023Q3
574768,ZeroFriction Partners,Software,United Kingdom,86,2023-05-12 10:58:08,Growth,500818,36,active,864.0,2023-05-12 10:58:08,,6.0,32.666666666666664,4.0,0.0,23,13942.75,16,14,0.6388888888888888,26.08695652173913,0.875,False,2023Q2
822504,Omnisend Technologies,Education,United States,37,2023-05-01 09:28:58,Growth,500819,28,active,672.0,2023-05-01 09:28:58,,4.0,48.474999999999994,4.25,0.0,22,5465.17,8,5,0.7857142857142857,18.181818181818183,0.625,False,2023Q2
262565,Gradient Labs Group,Healthcare,Germany,37,2023-03-08 11:28:24,Growth,500613,23,active,552.0,2023-03-08 11:28:24,,10.0,41.019999999999996,3.1,0.0,18,9377.09,17,15,0.782608695652174,55.55555555555556,0.8823529411764706,False,2023Q1
561696,Basecamp Analytics Labs,Financial Services,India,8,2025-08-27 13:26:53,Starter,500820,4,active,48.0,2025-08-27 13:26:53,,4.0,67.63333333333334,4.333333333333333,1.0,3,657.9200000000001,14,12,0.75,133.33333333333331,0.8571428571428571,False,2025Q3
888218,ZeroFriction Analytics,Software,Australia,4,2025-02-14 10:01:03,Starter,500821,4,active,48.0,2025-02-14 10:01:03,,3.0,43.13333333333333,3.6666666666666665,0.0,4,528.3199999999999,11,9,1.0,75.0,0.8181818181818182,False,2025Q1
479242,Keystroke AI Systems,Software,Brazil,69,2025-08-28 15:13:40,Growth,500822,10,active,240.0,2025-08-28 15:13:40,,2.0,58.650000000000006,4.5,0.0,10,4599.34,19,16,1.0,20.0,0.8421052631578947,False,2025Q3
424962,CloudPeak Systems Labs,Financial Services,Brazil,32,2024-08-23 12:06:56,Growth,500823,32,active,768.0,2024-08-23 12:06:56,,4.0,42.95,4.75,0.0,24,8427.119999999999,11,11,0.75,16.666666666666664,1.0,False,2024Q3
369202,Gradient Labs Technologies,Retail,Canada,43,2023-02-07 19:45:36,Growth,500015,24,active,576.0,2023-02-07 19:45:36,,1.0,132.1,5.0,0.0,15,9911.65,17,16,0.625,6.666666666666667,0.9411764705882353,False,2023Q1
136409,NodeSync Systems,Manufacturing,Brazil,9,2025-06-10 11:25:09,Starter,500752,7,active,84.0,2025-06-10 11:25:09,,5.0,33.0,4.4,0.0,7,998.73,12,11,1.0,71.42857142857143,0.9166666666666666,False,2025Q2
685576,TriggerPoint Digital,Education,Germany,43,2025-07-20 11:48:05,Growth,500203,11,active,264.0,2025-07-20 11:48:05,,7.0,67.31666666666666,3.8333333333333335,1.0,8,2679.62,10,9,0.7272727272727273,87.5,0.9,False,2025Q3
590704,InfraPoint Digital,Software,Japan,261,2023-10-20 23:31:00,Growth,500760,24,active,576.0,2023-10-20 23:31:00,,7.0,42.71666666666667,3.8333333333333335,1.0,16,8674.3,15,12,0.6666666666666666,43.75,0.8,False,2023Q4
676397,Keystroke AI Group,Software,Germany,68,2025-04-11 10:53:44,Growth,500637,46,active,1104.0,2025-04-11 10:53:44,,4.0,63.55,3.75,0.0,29,14291.380000000001,13,12,0.6304347826086957,13.793103448275861,0.9230769230769231,False,2025Q2
952105,DataBridge Pro Technologies,Manufacturing,United Kingdom,25,2024-09-26 10:39:55,Growth,500824,25,active,600.0,2024-09-26 10:39:55,,2.0,43.4,5.0,1.0,18,8265.64,14,13,0.72,11.11111111111111,0.9285714285714286,False,2024Q3
531301,ZeroFriction Solutions,Healthcare,Netherlands,3,2023-05-20 20:01:27,Starter,500825,3,active,36.0,2023-05-20 20:01:27,,2.0,13.75,5.0,0.0,3,546.6800000000001,15,14,1.0,66.66666666666666,0.9333333333333333,False,2023Q2
686117,Relay Systems Systems,Retail,Germany,7,2023-05-31 16:50:21,Starter,500370,7,active,84.0,2023-05-31 16:50:21,,8.0,44.4625,4.125,0.0,6,1079.25,13,10,0.8571428571428571,133.33333333333331,0.7692307692307693,False,2023Q2
265516,DataBridge Pro Digital,Logistics,India,16,2025-02-18 18:27:41,Starter,500614,13,active,156.0,2025-02-18 18:27:41,,5.0,28.825000000000003,4.0,1.0,12,2518.22,16,14,0.9230769230769231,41.66666666666667,0.875,False,2025Q1
119663,Amplitude Corp Labs,Software,Brazil,122,2025-03-06 13:34:53,Business,500282,77,active,3388.0,2025-03-06 13:34:53,,4.0,40.675,3.25,0.0,59,47277.38,14,14,0.7662337662337663,6.779661016949152,1.0,False,2025Q1
440025,DataBridge Pro Partners,Education,France,74,2023-01-16 16:30:54,Growth,500826,36,active,864.0,2023-01-16 16:30:54,,4.0,18.6,2.5,2.0,23,13749.45,16,16,0.6388888888888888,17.391304347826086,1.0,False,2023Q1
839821,WorksiteOS Technologies,Software,United Kingdom,25,2025-08-12 16:27:42,Growth,500170,25,active,600.0,2025-08-12 16:27:42,,3.0,71.03333333333333,3.3333333333333335,0.0,24,4280.97,7,6,0.96,12.5,0.8571428571428571,False,2025Q3
406504,FlowState Group,Education,Netherlands,450,2025-07-24 19:39:19,Business,500654,67,active,2948.0,2025-07-24 19:39:19,,4.0,28.6,4.75,0.0,53,25531.829999999998,9,6,0.7910447761194029,7.547169811320755,0.6666666666666666,False,2025Q3
591371,NexusOne Technologies,Software,Japan,58,2025-08-30 14:43:05,Growth,500062,11,active,264.0,2025-08-30 14:43:05,,10.0,28.355555555555554,4.0,1.0,11,1581.99,6,5,1.0,90.9090909090909,0.8333333333333334,False,2025Q3
592265,NodeSync Group,Healthcare,Japan,20,2025-09-24 14:22:26,Starter,500744,5,active,60.0,2025-09-24 14:22:26,,2.0,18.1,5.0,1.0,3,650.72,11,11,0.6,66.66666666666666,1.0,False,2025Q3
969783,QueryForge Group,Healthcare,Japan,58,2025-08-15 14:05:23,Growth,500272,25,active,600.0,2025-08-15 14:05:23,,1.0,14.4,5.0,0.0,21,7240.5,12,12,0.84,4.761904761904762,1.0,False,2025Q3
105266,Axiom Labs Labs,Education,Canada,7,2024-04-28 17:20:43,Starter,500708,6,active,72.0,2024-04-28 17:20:43,,3.0,28.799999999999997,4.666666666666667,0.0,5,980.5,14,10,0.8333333333333334,60.0,0.7142857142857143,False,2024Q2
362499,InfraPoint Partners,Retail,Netherlands,43,2024-09-01 11:00:17,Growth,500715,24,active,576.0,2024-09-01 11:00:17,,2.0,35.5,4.0,0.0,16,9335.66,16,16,0.6666666666666666,12.5,1.0,False,2024Q3
227254,Kinetic AI Partners,Software,United Kingdom,6,2024-09-20 13:25:50,Starter,500827,6,active,72.0,2024-09-20 13:25:50,,9.0,53.25555555555556,4.222222222222222,0.0,4,696.88,10,9,0.6666666666666666,225.0,0.9,False,2024Q3
371884,TriggerPoint Partners,Financial Services,France,14,2023-02-15 14:37:54,Starter,500332,6,churned,72.0,2023-02-15 14:37:54,2024-01-23 14:37:54,7.0,41.385714285714286,3.7142857142857144,0.0,6,870.5,12,12,1.0,116.66666666666667,1.0,True,2023Q1
439406,LaunchPad HQ Group,Education,Brazil,16,2025-02-23 13:28:31,Starter,500377,9,active,108.0,2025-02-23 13:28:31,,3.0,42.0,4.666666666666667,0.0,6,551.54,5,5,0.6666666666666666,50.0,1.0,False,2025Q1
271695,HubStack Solutions,Manufacturing,Australia,20,2023-11-17 10:45:20,Starter,500164,4,active,48.0,2023-11-17 10:45:20,,6.0,46.916666666666664,4.0,0.0,4,319.99,7,6,1.0,150.0,0.8571428571428571,False,2023Q4
295167,StackBase Technologies,Healthcare,Germany,4,2023-08-15 13:32:29,Starter,500659,4,active,48.0,2023-08-15 13:32:29,,5.0,39.239999999999995,4.2,0.0,3,570.63,12,11,0.75,166.66666666666669,0.9166666666666666,False,2023Q3
175483,EdgeFlow Technologies,Software,Australia,440,2024-02-10 20:08:46,Business,500652,88,active,3872.0,2024-02-10 20:08:46,,3.0,58.5,3.5,1.0,50,49758.53,13,12,0.5681818181818182,6.0,0.9230769230769231,False,2024Q1
900536,Basecamp Analytics Systems,Healthcare,Brazil,4,2025-02-03 15:23:40,Starter,500828,4,active,48.0,2025-02-03 15:23:40,,4.0,33.15,4.5,0.0,2,391.43,8,8,0.5,200.0,1.0,False,2025Q1
531456,FlowState Technologies,Healthcare,France,7,2024-05-20 20:10:33,Starter,500829,7,active,84.0,2024-05-20 20:10:33,,4.0,22.366666666666664,3.6666666666666665,1.0,4,1520.78,18,15,0.5714285714285714,100.0,0.8333333333333334,False,2024Q2
775527,Axiom Labs Systems,Software,France,324,2024-01-27 15:48:29,Business,500072,52,active,2288.0,2024-01-27 15:48:29,,6.0,29.100000000000005,3.6666666666666665,0.0,42,22834.68,10,8,0.8076923076923077,14.285714285714285,0.8,False,2024Q1
441844,Deployly Partners,Software,France,97,2023-06-16 03:50:11,Growth,500830,29,active,696.0,2023-06-16 03:50:11,,4.0,42.025,3.75,0.0,19,7638.1900000000005,11,9,0.6551724137931034,21.052631578947366,0.8181818181818182,False,2023Q2
358368,TriggerPoint Analytics,Healthcare,France,9,2023-06-21 10:01:45,Starter,500278,4,active,48.0,2023-06-21 10:01:45,,8.0,53.1625,3.25,0.0,2,640.58,13,12,0.5,400.0,0.9230769230769231,False,2023Q2
488220,DataBridge Pro Analytics,Software,Brazil,82,2025-02-21 17:47:51,Growth,500148,10,active,240.0,2025-02-21 17:47:51,,3.0,41.800000000000004,4.333333333333333,0.0,9,3400.73,14,13,0.9,33.33333333333333,0.9285714285714286,False,2025Q1
540658,CloudPeak Systems Systems,Logistics,India,22,2024-07-28 10:04:46,Starter,500419,5,active,60.0,2024-07-28 10:04:46,,6.0,44.72,3.4,1.0,5,479.90999999999997,8,7,1.0,120.0,0.875,False,2024Q3
967279,LaunchPad HQ Technologies,Healthcare,Brazil,9,2024-05-06 11:26:45,Starter,500196,9,active,108.0,2024-05-06 11:26:45,,5.0,32.875,4.0,1.0,8,633.08,6,6,0.8888888888888888,62.5,1.0,False,2024Q2
577783,Xenon Analytics Partners,Healthcare,Germany,43,2025-05-05 09:24:35,Growth,500831,30,active,720.0,2025-05-05 09:24:35,,5.0,43.6,4.0,0.0,19,13906.64,19,18,0.6333333333333333,26.31578947368421,0.9473684210526315,False,2025Q2
253622,Lattice HQ Technologies,Education,Australia,62,2024-12-18 08:52:08,Growth,500329,26,churned,624.0,2024-12-18 08:52:08,2025-03-20 08:52:08,3.0,20.833333333333332,4.0,0.0,18,3645.89,6,6,0.6923076923076923,16.666666666666664,1.0,True,2024Q4
935611,FlowState Digital,Retail,Netherlands,3,2024-09-26 11:14:02,Starter,500423,3,active,36.0,2024-09-26 11:14:02,,7.0,55.25714285714286,4.285714285714286,0.0,3,548.86,15,13,1.0,233.33333333333334,0.8666666666666667,False,2024Q3
255136,Keystroke AI Technologies,Financial Services,United States,10,2024-06-19 06:08:09,Starter,500832,8,active,96.0,2024-06-19 06:08:09,,5.0,30.28,4.4,0.0,7,961.79,10,7,0.875,71.42857142857143,0.7,False,2024Q2
444888,Beacon Software Group,Education,France,88,2024-11-08 15:16:35,Growth,500833,31,active,744.0,2024-11-08 15:16:35,,6.0,45.46,4.8,1.0,30,8860.82,12,12,0.967741935483871,20.0,1.0,False,2024Q4
290492,NexusOne Digital,Software,United States,9,2023-02-01 09:28:27,Starter,500834,9,active,108.0,2023-02-01 09:28:27,,8.0,43.142857142857146,3.857142857142857,1.0,8,1404.14,13,11,0.8888888888888888,100.0,0.8461538461538461,False,2023Q1
516432,InfraPoint Analytics,Financial Services,Netherlands,57,2025-05-22 10:47:41,Growth,500835,28,active,672.0,2025-05-22 10:47:41,,4.0,35.425,4.0,0.0,27,10195.98,15,11,0.9642857142857143,14.814814814814813,0.7333333333333333,False,2025Q2
504080,Catalyst CRM Group,Education,Brazil,6,2023-02-16 16:15:07,Starter,500227,6,trialing,72.0,2023-02-16 16:15:07,,3.0,25.7,4.5,1.0,5,1209.2,17,14,0.8333333333333334,60.0,0.8235294117647058,False,2023Q1
539755,MeshWorks Technologies,Retail,Japan,21,2025-04-12 06:16:09,Starter,500724,2,active,24.0,2025-04-12 06:16:09,,7.0,27.5,4.166666666666667,1.0,1,313.12,13,11,0.5,700.0,0.8461538461538461,False,2025Q2
481016,Basecamp Analytics Group,Manufacturing,Germany,57,2025-03-21 11:47:32,Growth,500836,30,active,720.0,2025-03-21 11:47:32,,6.0,59.1,3.5,0.0,25,7449.86,10,8,0.8333333333333334,24.0,0.8,False,2025Q1
136968,QueryForge Technologies,Healthcare,United States,50,2025-01-03 07:40:43,Growth,500837,10,active,240.0,2025-01-03 07:40:43,,3.0,25.599999999999998,4.5,1.0,8,2443.44,10,10,0.8,37.5,1.0,False,2025Q1
269555,Gradient Labs Digital,Retail,United Kingdom,110,2024-02-15 07:40:36,Growth,500500,10,active,240.0,2024-02-15 07:40:36,,3.0,69.16666666666667,4.666666666666667,0.0,7,2895.4,12,11,0.7,42.857142857142854,0.9166666666666666,False,2024Q1
157315,FlowState Partners,Retail,United States,3,2023-07-10 13:25:32,Starter,500113,3,active,36.0,2023-07-10 13:25:32,,3.0,27.03333333333333,2.6666666666666665,0.0,3,297.28,8,7,1.0,100.0,0.875,False,2023Q3
983167,VaultStream Analytics,Retail,United States,104,2024-08-28 09:43:21,Growth,500347,40,churned,960.0,2024-08-28 09:43:21,2024-11-02 09:43:21,4.0,39.06666666666667,3.3333333333333335,1.0,32,10271.67,11,11,0.8,12.5,1.0,True,2024Q3
586841,Lattice HQ Digital,Financial Services,Netherlands,46,2024-03-15 11:44:12,Growth,500644,9,active,216.0,2024-03-15 11:44:12,,2.0,9.3,3.5,0.0,7,2765.76,13,11,0.7777777777777778,28.57142857142857,0.8461538461538461,False,2024Q1
339830,Catalyst CRM Technologies,Healthcare,Netherlands,297,2025-01-28 13:48:49,Business,500626,67,churned,2948.0,2025-01-28 13:48:49,2025-12-04 13:48:49,4.0,28.96666666666667,4.333333333333333,1.0,38,41043.07,14,14,0.5671641791044776,10.526315789473683,1.0,True,2025Q1
606408,Relay Systems Group,Manufacturing,India,17,2025-07-31 13:00:38,Starter,500838,3,active,36.0,2025-07-31 13:00:38,,5.0,60.525,3.75,1.0,2,435.07,12,10,0.6666666666666666,250.0,0.8333333333333334,False,2025Q3
177009,Junction Cloud Partners,Education,Netherlands,19,2024-08-29 06:49:28,Starter,500304,2,churned,24.0,2024-08-29 06:49:28,2025-09-20 06:49:28,7.0,31.75714285714286,3.4285714285714284,0.0,2,239.7,10,10,1.0,350.0,1.0,True,2024Q3
301631,JetMetrics Technologies,Retail,Canada,75,2024-05-27 14:35:42,Growth,500305,18,active,432.0,2024-05-27 14:35:42,,7.0,50.18571428571429,4.0,0.0,10,3900.7400000000002,9,7,0.5555555555555556,70.0,0.7777777777777778,False,2024Q2
567817,Axiom Labs Group,Financial Services,India,16,2024-08-29 11:35:07,Starter,500472,4,churned,48.0,2024-08-29 11:35:07,2025-11-05 11:35:07,4.0,40.23333333333333,4.666666666666667,1.0,3,438.41,9,9,0.75,133.33333333333331,1.0,True,2024Q3
392724,InfraPoint Solutions,Retail,Japan,44,2023-05-20 08:55:20,Growth,500620,15,active,360.0,2023-05-20 08:55:20,,6.0,25.34,4.2,1.0,11,3301.35,9,6,0.7333333333333333,54.54545454545454,0.6666666666666666,False,2023Q2
610566,Catalyst CRM Digital,Education,Netherlands,52,2025-04-01 11:05:45,Growth,500217,14,active,336.0,2025-04-01 11:05:45,,3.0,16.166666666666668,4.0,0.0,9,5224.98,16,15,0.6428571428571429,33.33333333333333,0.9375,False,2025Q2
790366,Junction Cloud Analytics,Financial Services,United Kingdom,9,2024-12-15 10:49:05,Starter,500233,3,active,36.0,2024-12-15 10:49:05,,5.0,73.82,4.0,0.0,2,437.47,12,11,0.6666666666666666,250.0,0.9166666666666666,False,2024Q4
365756,ZeroFriction Networks,Manufacturing,Netherlands,4,2025-05-31 10:55:57,Starter,500647,4,active,48.0,2025-05-31 10:55:57,,4.0,38.550000000000004,4.5,0.0,4,529.93,11,10,1.0,100.0,0.9090909090909091,False,2025Q2
968396,Keystroke AI Digital,Retail,Australia,6,2023-10-10 17:40:07,Starter,500274,6,active,72.0,2023-10-10 17:40:07,,2.0,55.4,5.0,1.0,4,878.66,12,11,0.6666666666666666,50.0,0.9166666666666666,False,2023Q4
486582,Inline Systems Digital,Manufacturing,Germany,8,2024-06-20 11:52:52,Starter,500067,6,churned,72.0,2024-06-20 11:52:52,2025-11-30 11:52:52,2.0,,,2.0,4,1070.56,15,11,0.6666666666666666,50.0,0.7333333333333333,True,2024Q2
896132,TriggerPoint Solutions,Education,France,8,2024-02-25 15:55:26,Starter,500322,8,active,96.0,2024-02-25 15:55:26,,3.0,32.73333333333333,4.666666666666667,0.0,6,1164.09,12,10,0.75,50.0,0.8333333333333334,False,2024Q1
402163,Omnisend Digital,Financial Services,Brazil,8,2024-05-30 17:37:56,Starter,500177,5,active,60.0,2024-05-30 17:37:56,,4.0,21.7,4.0,1.0,5,681.1800000000001,11,11,1.0,80.0,1.0,False,2024Q2
688496,Gradient Labs Partners,Financial Services,France,32,2023-11-29 20:53:11,Growth,500734,14,active,336.0,2023-11-29 20:53:11,,6.0,22.666666666666668,4.833333333333333,0.0,12,4227.87,13,12,0.8571428571428571,50.0,0.9230769230769231,False,2023Q4
118948,Amplitude Corp Systems,Software,Brazil,16,2023-07-05 13:49:30,Starter,500839,9,active,108.0,2023-07-05 13:49:30,,6.0,36.95,4.5,2.0,8,1310.13,12,11,0.8888888888888888,75.0,0.9166666666666666,False,2023Q3
454905,Relay Systems Technologies,Education,Germany,6,2023-02-08 14:07:07,Starter,500765,4,active,48.0,2023-02-08 14:07:07,,6.0,68.76666666666667,4.166666666666667,0.0,3,581.38,12,12,0.75,200.0,1.0,False,2023Q1
832207,JetMetrics Digital,Software,Netherlands,54,2024-01-12 08:47:19,Growth,500840,29,active,696.0,2024-01-12 08:47:19,,2.0,15.2,4.0,1.0,22,6864.8099999999995,10,9,0.7586206896551724,9.090909090909092,0.9,False,2024Q1
449827,HorizonSaaS Group,Healthcare,Canada,175,2025-05-13 10:18:27,Business,500841,72,active,3168.0,2025-05-13 10:18:27,,9.0,36.6375,4.5,1.0,61,49816.44,16,15,0.8472222222222222,14.754098360655737,0.9375,False,2025Q2
122331,InfraPoint Networks,Financial Services,India,8,2025-08-12 14:58:32,Starter,500571,3,active,36.0,2025-08-12 14:58:32,,8.0,28.025000000000002,3.75,0.0,2,459.76,13,12,0.6666666666666666,400.0,0.9230769230769231,False,2025Q3
916616,Amplitude Corp Group,Healthcare,Japan,68,2024-11-18 08:33:32,Growth,500842,49,active,1176.0,2024-11-18 08:33:32,,6.0,13.549999999999999,4.333333333333333,0.0,39,9625.93,8,8,0.7959183673469388,15.384615384615385,1.0,False,2024Q4
149930,EdgeFlow Technologies Labs,Logistics,Brazil,104,2024-06-03 20:25:22,Growth,500843,40,active,960.0,2024-06-03 20:25:22,,5.0,39.6,4.0,0.0,29,9498.45,10,6,0.725,17.24137931034483,0.6,False,2024Q2
575421,InfraPoint Software,Software,United States,8,2023-11-09 14:53:30,Starter,500844,8,active,96.0,2023-11-09 14:53:30,,5.0,34.13333333333333,4.666666666666667,2.0,8,959.21,10,9,1.0,62.5,0.9,False,2023Q4
684543,Beacon Software Technologies,Software,Australia,13,2024-08-15 13:57:25,Starter,500845,8,active,96.0,2024-08-15 13:57:25,,4.0,49.849999999999994,4.25,0.0,6,1066.81,11,8,0.75,66.66666666666666,0.7272727272727273,False,2024Q3
196331,Lattice HQ Partners,Manufacturing,United States,58,2024-03-05 12:15:54,Growth,500675,45,active,1080.0,2024-03-05 12:15:54,,3.0,42.63333333333333,3.6666666666666665,0.0,41,8670.54,8,8,0.9111111111111111,7.317073170731707,1.0,False,2024Q1
742518,YieldMetrics Labs,Financial Services,Brazil,57,2024-01-27 15:49:25,Growth,500748,33,active,792.0,2024-01-27 15:49:25,,2.0,18.7,5.0,0.0,32,9351.36,12,12,0.9696969696969697,6.25,1.0,False,2024Q1
518790,NodeSync Technologies,Logistics,Japan,24,2025-08-01 10:07:16,Starter,500846,2,active,24.0,2025-08-01 10:07:16,,4.0,49.275,4.75,0.0,1,175.73,7,5,0.5,400.0,0.7142857142857143,False,2025Q3
558639,NodeSync Digital,Manufacturing,United Kingdom,10,2024-01-23 12:18:03,Starter,500591,5,active,60.0,2024-01-23 12:18:03,,8.0,21.433333333333334,4.833333333333333,2.0,3,288.79,5,3,0.6,266.66666666666663,0.6,False,2024Q1
817805,TriggerPoint Networks,Retail,Japan,49,2023-05-16 13:20:21,Growth,500847,22,active,528.0,2023-05-16 13:20:21,,5.0,41.88,4.4,0.0,21,4315.03,8,7,0.9545454545454546,23.809523809523807,0.875,False,2023Q2
509193,HorizonSaaS Technologies,Retail,India,299,2023-10-13 10:13:37,Business,500382,86,churned,3784.0,2023-10-13 10:13:37,2024-06-04 10:13:37,6.0,29.316666666666666,4.0,0.0,52,57092.06,15,12,0.6046511627906976,11.538461538461538,0.8,True,2023Q4
227569,Inline Systems Partners,Software,Brazil,54,2023-12-13 06:34:07,Growth,500848,12,active,288.0,2023-12-13 06:34:07,,4.0,49.55,3.0,0.0,9,3473.0,12,12,0.75,44.44444444444444,1.0,False,2023Q4
686652,QueryForge Digital,Software,United Kingdom,9,2024-04-17 15:24:29,Starter,500684,6,past_due,72.0,2024-04-17 15:24:29,,3.0,24.349999999999998,3.0,1.0,4,775.3,11,10,0.6666666666666666,75.0,0.9090909090909091,False,2024Q2
948864,HorizonSaaS Digital,Financial Services,United States,44,2025-03-19 11:22:59,Growth,500498,22,active,528.0,2025-03-19 11:22:59,,4.0,26.866666666666664,4.0,1.0,14,7900.58,15,14,0.6363636363636364,28.57142857142857,0.9333333333333333,False,2025Q1
370589,NodeSync Partners,Education,United Kingdom,118,2025-02-04 14:36:30,Growth,500641,25,active,600.0,2025-02-04 14:36:30,,4.0,28.65,4.5,0.0,14,8450.95,14,12,0.56,28.57142857142857,0.8571428571428571,False,2025Q1
259984,Unified Ops Technologies,Software,United States,272,2023-02-25 14:10:11,Business,500315,47,active,2068.0,2023-02-25 14:10:11,,3.0,38.96666666666667,4.333333333333333,0.0,41,28741.27,14,13,0.8723404255319149,7.317073170731707,0.9285714285714286,False,2023Q1
995560,QueryForge Partners,Software,Canada,3,2025-02-21 04:31:28,Starter,500849,3,active,36.0,2025-02-21 04:31:28,,1.0,11.7,5.0,0.0,2,498.82,14,14,0.6666666666666666,50.0,1.0,False,2025Q1
236391,Beacon Software Digital,Retail,Canada,416,2023-01-31 13:59:48,Business,500850,92,active,4048.0,2023-01-31 13:59:48,,5.0,18.34,3.8,0.0,58,40380.85,10,10,0.6304347826086957,8.620689655172415,1.0,False,2023Q1
291773,Unified Ops Digital,Software,Brazil,19,2024-09-11 15:32:10,Starter,500349,6,active,72.0,2024-09-11 15:32:10,,4.0,37.5,4.333333333333333,1.0,6,752.87,10,9,1.0,66.66666666666666,0.9,False,2024Q3
943757,Catalyst CRM Partners,Financial Services,India,47,2024-11-03 13:50:37,Growth,500851,16,active,384.0,2024-11-03 13:50:37,,4.0,76.025,3.75,0.0,13,1953.97,5,5,0.8125,30.76923076923077,1.0,False,2024Q4
919065,Axiom Labs Technologies,Software,Netherlands,69,2023-12-20 17:57:06,Growth,500367,26,churned,624.0,2023-12-20 17:57:06,2024-10-25 17:57:06,4.0,45.95,3.5,0.0,24,5577.11,9,9,0.9230769230769231,16.666666666666664,1.0,True,2023Q4
810060,Momentum Tools Labs,Healthcare,Brazil,11,2024-02-21 13:25:58,Starter,500633,4,active,48.0,2024-02-21 13:25:58,,4.0,33.275,3.5,0.0,4,431.2,9,7,1.0,100.0,0.7777777777777778,False,2024Q1
196472,TriggerPoint Software,Retail,India,26,2023-07-15 11:05:50,Growth,500852,22,active,528.0,2023-07-15 11:05:50,,7.0,21.083333333333332,4.0,1.0,15,7635.92,14,13,0.6818181818181818,46.666666666666664,0.9285714285714286,False,2023Q3
693667,TriggerPoint Industries,Software,Brazil,44,2023-11-14 16:49:48,Growth,500355,22,active,528.0,2023-11-14 16:49:48,,7.0,34.22857142857143,3.857142857142857,0.0,12,8569.81,16,14,0.5454545454545454,58.333333333333336,0.875,False,2023Q4
742834,Beacon Software Partners,Education,France,8,2024-04-23 20:51:09,Starter,500451,8,active,96.0,2024-04-23 20:51:09,,6.0,43.48,4.6,1.0,7,979.6700000000001,10,8,0.875,85.71428571428571,0.8,False,2024Q2
847327,HubStack Networks,Healthcare,Germany,84,2023-03-09 11:24:19,Growth,500280,34,active,816.0,2023-03-09 11:24:19,,3.0,12.266666666666666,3.3333333333333335,0.0,23,11523.28,14,12,0.6764705882352942,13.043478260869565,0.8571428571428571,False,2023Q1
117687,TriggerPoint Holdings,Logistics,France,1247,2024-03-15 20:17:50,Enterprise,500028,173,active,13667.0,2024-03-15 20:17:50,,3.0,37.8,4.0,1.0,104,93827.64,7,5,0.6011560693641619,2.8846153846153846,0.7142857142857143,False,2024Q1
761571,PipelineIO Group,Logistics,Australia,23,2024-08-19 14:36:34,Starter,500853,5,active,60.0,2024-08-19 14:36:34,,3.0,26.6,4.0,1.0,4,877.26,15,13,0.8,75.0,0.8666666666666667,False,2024Q3
861636,Envoy Platforms Systems,Financial Services,Canada,30,2024-01-31 08:06:30,Growth,500854,18,active,432.0,2024-01-31 08:06:30,,2.0,32.5,4.0,0.0,16,4026.4,9,9,0.8888888888888888,12.5,1.0,False,2024Q1
551545,Momentum Tools Systems,Logistics,India,3,2023-01-03 07:38:41,Starter,500361,3,churned,36.0,2023-01-03 07:38:41,2024-03-13 07:38:41,4.0,81.26666666666667,4.0,1.0,2,507.51,14,12,0.6666666666666666,200.0,0.8571428571428571,True,2023Q1
678569,Kinetic AI Analytics,Healthcare,Netherlands,43,2024-10-19 17:19:12,Growth,500109,33,active,792.0,2024-10-19 17:19:12,,3.0,56.4,4.0,0.0,33,10426.42,13,9,1.0,9.090909090909092,0.6923076923076923,False,2024Q4
177341,QueryForge Analytics,Healthcare,Brazil,16,2024-12-22 11:23:47,Starter,500855,10,active,120.0,2024-12-22 11:23:47,,10.0,34.785714285714285,2.7142857142857144,3.0,8,1516.98,13,11,0.8,125.0,0.8461538461538461,False,2024Q4
646915,NodeSync Analytics,Retail,Germany,63,2025-01-30 08:13:53,Growth,500428,19,active,456.0,2025-01-30 08:13:53,,3.0,46.63333333333333,3.3333333333333335,0.0,12,2317.71,5,5,0.631578947368421,25.0,1.0,False,2025Q1
751454,Basecamp Analytics Technologies,Healthcare,Germany,170,2025-06-24 12:35:37,Business,500856,64,active,2816.0,2025-06-24 12:35:37,,2.0,10.55,4.0,0.0,53,22046.19,8,5,0.828125,3.7735849056603774,0.625,False,2025Q2
218019,Gradient Labs Analytics,Healthcare,France,6,2025-01-23 17:58:25,Starter,500251,6,active,72.0,2025-01-23 17:58:25,,3.0,27.133333333333336,3.0,0.0,5,995.54,14,13,0.8333333333333334,60.0,0.9285714285714286,False,2025Q1
201370,Keystroke AI Partners,Software,United States,41,2023-08-11 14:34:26,Growth,500857,41,active,984.0,2023-08-11 14:34:26,,8.0,37.9,4.375,0.0,26,12830.58,13,12,0.6341463414634146,30.76923076923077,0.9230769230769231,False,2023Q3
263552,Keystroke AI Analytics,Financial Services,Canada,5,2025-04-23 07:07:18,Starter,500858,3,active,36.0,2025-04-23 07:07:18,,6.0,33.03333333333333,4.0,0.0,2,282.24,8,8,0.6666666666666666,300.0,1.0,False,2025Q2
451436,PipelineIO Technologies,Retail,United Kingdom,3,2025-04-13 06:18:04,Starter,500052,3,active,36.0,2025-04-13 06:18:04,,5.0,31.74,4.0,0.0,2,578.31,16,13,0.6666666666666666,250.0,0.8125,False,2025Q2
391164,HubStack Software,Manufacturing,Brazil,16,2023-10-24 08:24:08,Starter,500632,2,past_due,24.0,2023-10-24 08:24:08,,5.0,40.12,2.6,0.0,1,293.57,12,11,0.5,500.0,0.9166666666666666,False,2023Q4
451634,Catalyst CRM Analytics,Software,Netherlands,40,2023-03-19 18:53:23,Growth,500397,8,active,192.0,2023-03-19 18:53:23,,5.0,46.7,4.0,0.0,7,1521.28,8,7,0.875,71.42857142857143,0.875,False,2023Q1
727732,LaunchPad HQ Digital,Retail,Brazil,19,2025-05-23 10:53:24,Starter,500165,4,active,48.0,2025-05-23 10:53:24,,6.0,30.916666666666668,4.166666666666667,0.0,2,652.46,13,11,0.5,300.0,0.8461538461538461,False,2025Q2
299049,HorizonSaaS Partners,Healthcare,Canada,14,2023-02-01 09:22:30,Starter,500082,8,churned,96.0,2023-02-01 09:22:30,2023-07-01 09:22:30,5.0,30.52,4.0,0.0,6,478.88,5,5,0.75,83.33333333333334,1.0,True,2023Q1
930679,Amplitude Corp Technologies,Education,France,6,2024-08-12 15:26:30,Starter,500260,5,past_due,60.0,2024-08-12 15:26:30,,5.0,26.03333333333333,3.3333333333333335,2.0,3,661.11,11,10,0.6,166.66666666666669,0.9090909090909091,False,2024Q3
249013,WorksiteOS Digital,Retail,India,274,2023-12-31 09:03:38,Business,500516,103,active,4532.0,2023-12-31 09:03:38,,4.0,76.95,4.25,0.0,79,51513.49,11,9,0.7669902912621359,5.063291139240507,0.8181818181818182,False,2023Q4
820426,ZeroFriction Software,Healthcare,France,11,2025-05-07 06:11:56,Starter,500599,5,active,60.0,2025-05-07 06:11:56,,8.0,28.133333333333336,4.333333333333333,2.0,3,713.4399999999999,12,11,0.6,266.66666666666663,0.9166666666666666,False,2025Q2
911267,WorksiteOS Partners,Manufacturing,United Kingdom,378,2025-06-02 10:47:23,Business,500127,62,active,2728.0,2025-06-02 10:47:23,,7.0,50.41428571428572,3.7142857142857144,0.0,36,40774.37,15,12,0.5806451612903226,19.444444444444446,0.8,False,2025Q2
216490,WorksiteOS Analytics,Software,Japan,6,2024-09-24 12:03:25,Starter,500344,3,active,36.0,2024-09-24 12:03:25,,4.0,33.375,2.75,0.0,2,401.23,11,11,0.6666666666666666,200.0,1.0,False,2024Q3
620725,JetMetrics Partners,Software,Netherlands,4,2024-07-14 11:53:09,Starter,500681,4,active,48.0,2024-07-14 11:53:09,,1.0,60.8,4.0,0.0,3,686.4399999999999,14,12,0.75,33.33333333333333,0.8571428571428571,False,2024Q3
511107,Deployly Analytics,Financial Services,India,12,2025-03-21 03:09:59,Starter,500598,5,active,60.0,2025-03-21 03:09:59,,2.0,26.85,5.0,0.0,4,712.63,12,11,0.8,50.0,0.9166666666666666,False,2025Q1
176599,YieldMetrics Systems,Manufacturing,Japan,5,2025-07-21 08:58:35,Starter,500442,5,active,60.0,2025-07-21 08:58:35,,6.0,43.81666666666666,4.0,0.0,5,731.53,12,12,1.0,120.0,1.0,False,2025Q3
493074,YieldMetrics Group,Healthcare,United Kingdom,5,2023-02-02 13:04:34,Starter,500162,5,active,60.0,2023-02-02 13:04:34,,5.0,70.7,3.5,1.0,5,583.21,10,8,1.0,100.0,0.8,False,2023Q1
216864,Inline Systems Analytics,Healthcare,United Kingdom,11,2023-08-07 07:50:51,Starter,500859,2,active,24.0,2023-08-07 07:50:51,,10.0,56.56,4.1,0.0,2,433.26,18,16,1.0,500.0,0.8888888888888888,False,2023Q3
253221,Axiom Labs Digital,Manufacturing,Canada,12,2025-05-31 10:04:48,Starter,500745,10,active,120.0,2025-05-31 10:04:48,,8.0,60.714285714285715,3.7142857142857144,1.0,7,1339.1100000000001,11,10,0.7,114.28571428571428,0.9090909090909091,False,2025Q2
248358,DataBridge Pro Solutions,Financial Services,Japan,83,2025-03-30 06:05:23,Growth,500086,23,active,552.0,2025-03-30 06:05:23,,1.0,61.4,4.0,0.0,20,5316.37,10,10,0.8695652173913043,5.0,1.0,False,2025Q1
792694,Beacon Software Analytics,Software,Canada,77,2025-04-23 11:25:28,Growth,500283,45,active,1080.0,2025-04-23 11:25:28,,2.0,31.349999999999998,5.0,0.0,29,14290.31,13,12,0.6444444444444445,6.896551724137931,0.9230769230769231,False,2025Q2
713583,FunnelSoft Systems,Retail,United Kingdom,22,2023-06-01 13:24:41,Starter,500126,5,active,60.0,2023-06-01 13:24:41,,5.0,31.96,4.6,0.0,4,716.89,12,12,0.8,125.0,1.0,False,2023Q2
979522,Omnisend Partners,Logistics,France,3,2024-06-07 13:45:38,Growth,500435,3,trialing,72.0,2024-06-07 13:45:38,,7.0,79.95,3.6666666666666665,1.0,3,1087.92,15,12,1.0,233.33333333333334,0.8,False,2024Q2
211963,Gradient Labs Solutions,Financial Services,Canada,35,2023-07-18 11:05:21,Growth,500302,19,churned,456.0,2023-07-18 11:05:21,2025-09-04 11:05:21,4.0,30.366666666666664,4.333333333333333,1.0,11,4561.7699999999995,10,10,0.5789473684210527,36.36363636363637,1.0,True,2023Q3
689717,Amplitude Corp Digital,Software,Netherlands,4,2024-10-26 11:32:53,Starter,500257,4,active,48.0,2024-10-26 11:32:53,,4.0,32.7,4.333333333333333,1.0,3,283.4,6,5,0.75,133.33333333333331,0.8333333333333334,False,2024Q4
248542,Xenon Analytics Analytics,Software,Brazil,3,2025-02-06 23:40:53,Starter,500135,3,active,36.0,2025-02-06 23:40:53,,4.0,43.025000000000006,4.25,0.0,2,424.45,12,10,0.6666666666666666,200.0,0.8333333333333334,False,2025Q1
599502,NodeSync Solutions,Software,France,22,2023-08-17 13:05:02,Starter,500860,5,active,60.0,2023-08-17 13:05:02,,4.0,29.175,3.25,0.0,3,661.81,11,11,0.6,133.33333333333331,1.0,False,2023Q3
468130,HorizonSaaS Analytics,Retail,India,49,2024-10-30 12:49:01,Growth,500861,31,active,744.0,2024-10-30 12:49:01,,4.0,36.93333333333334,3.6666666666666665,1.0,30,8954.88,12,12,0.967741935483871,13.333333333333334,1.0,False,2024Q4
457669,Unified Ops Partners,Software,France,383,2023-03-03 09:09:31,Enterprise,500660,318,active,25122.0,2023-03-03 09:09:31,,2.0,53.3,1.0,0.0,313,179032.19,7,7,0.9842767295597484,0.6389776357827476,1.0,False,2023Q1
665391,Unified Ops Analytics,Manufacturing,United Kingdom,3,2025-02-23 06:51:05,Starter,500862,2,active,24.0,2025-02-23 06:51:05,,4.0,31.975,3.5,0.0,2,94.12,4,4,1.0,200.0,1.0,False,2025Q1
286547,Gradient Labs Networks,Financial Services,United States,22,2024-04-15 10:10:30,Starter,500552,3,active,36.0,2024-04-15 10:10:30,,7.0,26.360000000000003,4.2,2.0,3,289.3,8,8,1.0,233.33333333333334,1.0,False,2024Q2
298652,Lattice HQ Analytics,Financial Services,Canada,91,2023-06-28 11:36:45,Growth,500863,27,active,648.0,2023-06-28 11:36:45,,5.0,44.56666666666666,5.0,2.0,26,6400.73,10,10,0.9629629629629629,19.230769230769234,1.0,False,2023Q2
302066,Basecamp Analytics Digital,Financial Services,Japan,15,2023-09-19 09:42:40,Starter,500864,7,active,84.0,2023-09-19 09:42:40,,5.0,27.339999999999996,4.2,0.0,7,1235.8,15,14,1.0,71.42857142857143,0.9333333333333333,False,2023Q3
687117,Unified Ops Solutions,Software,France,18,2024-12-14 10:05:51,Starter,500314,4,trialing,48.0,2024-12-14 10:05:51,,7.0,38.5,3.6666666666666665,1.0,3,891.86,19,18,0.75,233.33333333333334,0.9473684210526315,False,2024Q4
228499,NexusOne Partners,Retail,India,3,2023-02-26 11:02:26,Starter,500677,3,churned,36.0,2023-02-26 11:02:26,2024-10-13 11:02:26,9.0,67.8125,3.5,1.0,2,608.55,17,14,0.6666666666666666,450.0,0.8235294117647058,True,2023Q1
391958,Omnisend Analytics,Financial Services,Netherlands,3,2025-01-23 18:41:19,Starter,500865,3,active,36.0,2025-01-23 18:41:19,,2.0,78.55000000000001,3.0,0.0,3,292.78000000000003,8,7,1.0,66.66666666666666,0.875,False,2025Q1
467235,FunnelSoft Group,Financial Services,Japan,10,2023-02-09 14:45:32,Starter,500866,8,active,96.0,2023-02-09 14:45:32,,3.0,36.449999999999996,5.0,1.0,4,758.4,8,8,0.5,75.0,1.0,False,2023Q1
842517,NexusOne Analytics,Financial Services,Netherlands,61,2023-12-31 08:13:04,Growth,500462,40,churned,960.0,2023-12-31 08:13:04,2025-01-14 08:13:04,2.0,26.900000000000002,2.5,0.0,23,11559.81,12,12,0.575,8.695652173913043,1.0,True,2023Q4
380358,Relay Systems Digital,Retail,Canada,13,2023-04-03 23:09:26,Starter,500867,7,active,84.0,2023-04-03 23:09:26,,9.0,39.78888888888889,4.333333333333333,0.0,6,768.87,9,8,0.8571428571428571,150.0,0.8888888888888888,False,2023Q2
962759,QueryForge Solutions,Retail,Germany,6,2024-10-19 19:23:02,Starter,500545,6,churned,72.0,2024-10-19 19:23:02,2025-02-20 19:23:02,5.0,22.35,3.0,1.0,4,815.47,11,10,0.6666666666666666,125.0,0.9090909090909091,True,2024Q4
631589,ZeroFriction Industries,Manufacturing,United Kingdom,215,2024-10-20 11:04:20,Growth,500452,21,churned,504.0,2024-10-20 11:04:20,2025-04-06 11:04:20,1.0,64.4,4.0,0.0,14,8438.33,17,14,0.6666666666666666,7.142857142857142,0.8235294117647058,True,2024Q4
415716,ZeroFriction Holdings,Logistics,India,14,2023-12-12 10:02:00,Starter,500372,3,churned,36.0,2023-12-12 10:02:00,2025-02-17 10:02:00,3.0,17.533333333333335,4.333333333333333,0.0,2,368.65000000000003,10,8,0.6666666666666666,150.0,0.8,True,2023Q4
912127,TriggerPoint Collective,Software,Netherlands,199,2025-05-03 22:54:19,Business,500277,41,active,1804.0,2025-05-03 22:54:19,,5.0,63.8,4.0,0.0,36,33416.06,19,15,0.8780487804878049,13.88888888888889,0.7894736842105263,False,2025Q2
911125,EdgeFlow Technologies Systems,Manufacturing,United States,86,2024-01-17 10:34:30,Growth,500868,35,active,840.0,2024-01-17 10:34:30,,11.0,20.15,3.875,3.0,31,4237.65,5,4,0.8857142857142857,35.483870967741936,0.8,False,2024Q1
250471,JetMetrics Analytics,Financial Services,Netherlands,21,2024-01-03 11:40:44,Starter,500869,9,active,108.0,2024-01-03 11:40:44,,3.0,26.900000000000002,4.0,0.0,6,1772.37,16,13,0.6666666666666666,50.0,0.8125,False,2024Q1
868446,Envoy Platforms Group,Logistics,United States,112,2024-10-01 09:00:04,Growth,500228,32,active,768.0,2024-10-01 09:00:04,,2.0,60.45,4.5,0.0,30,10757.48,14,14,0.9375,6.666666666666667,1.0,False,2024Q4
918351,ZeroFriction Collective,Logistics,Brazil,31,2024-06-17 07:53:10,Starter,500870,7,active,84.0,2024-06-17 07:53:10,,5.0,27.860000000000003,3.2,0.0,7,1234.81,15,14,1.0,71.42857142857143,0.9333333333333333,False,2024Q2
285164,NodeSync Networks,Healthcare,Canada,7,2025-05-23 12:35:48,Starter,500871,7,active,84.0,2025-05-23 12:35:48,,3.0,38.06666666666667,4.333333333333333,0.0,6,775.64,9,8,0.8571428571428571,50.0,0.8888888888888888,False,2025Q2
779156,Axiom Labs Partners,Software,Canada,46,2023-11-29 15:00:22,Growth,500872,24,active,576.0,2023-11-29 15:00:22,,11.0,31.563636363636363,3.727272727272727,0.0,15,6323.67,11,10,0.625,73.33333333333333,0.9090909090909091,False,2023Q4
143529,Deployly Solutions,Software,Netherlands,22,2025-03-20 12:27:00,Starter,500873,7,active,84.0,2025-03-20 12:27:00,,6.0,19.849999999999998,4.5,0.0,4,1078.83,13,12,0.5714285714285714,150.0,0.9230769230769231,False,2025Q1
443384,Momentum Tools Group,Healthcare,United Kingdom,10,2023-01-27 14:03:05,Starter,500240,7,active,84.0,2023-01-27 14:03:05,,7.0,43.81666666666666,3.5,1.0,5,1010.89,12,11,0.7142857142857143,140.0,0.9166666666666666,False,2023Q1
315175,HubStack Industries,Healthcare,Brazil,19,2024-05-01 16:47:49,Starter,500728,5,active,60.0,2024-05-01 16:47:49,,3.0,60.666666666666664,4.333333333333333,0.0,3,598.23,10,8,0.6,100.0,0.8,False,2024Q2
901636,TriggerPoint Works,Financial Services,Japan,54,2023-09-07 13:17:54,Growth,500874,18,active,432.0,2023-09-07 13:17:54,,5.0,65.525,4.0,1.0,17,5963.7,14,14,0.9444444444444444,29.411764705882355,1.0,False,2023Q3
352867,Unified Ops Networks,Education,Australia,32,2025-01-17 16:57:48,Growth,500875,32,active,768.0,2025-01-17 16:57:48,,7.0,11.34,4.8,2.0,22,8872.16,12,11,0.6875,31.818181818181817,0.9166666666666666,False,2025Q1
806120,Beacon Software Solutions,Retail,Japan,4,2024-01-04 14:19:10,Starter,500330,4,active,48.0,2024-01-04 14:19:10,,10.0,36.400000000000006,3.888888888888889,1.0,3,435.79999999999995,9,9,0.75,333.33333333333337,1.0,False,2024Q1
627691,Beacon Software Networks,Retail,Australia,94,2023-11-28 16:58:05,Business,500590,94,churned,4136.0,2023-11-28 16:58:05,2024-03-22 16:58:05,3.0,51.4,5.0,1.0,87,37076.64,9,6,0.925531914893617,3.4482758620689653,0.6666666666666666,True,2023Q4
916037,YieldMetrics Technologies,Retail,United States,10,2025-09-08 12:12:51,Starter,500876,3,active,36.0,2025-09-08 12:12:51,,4.0,59.824999999999996,4.0,0.0,2,395.96999999999997,11,9,0.6666666666666666,200.0,0.8181818181818182,False,2025Q3
333840,GridLogic Technologies,Retail,India,193,2025-03-17 11:33:53,Business,500334,77,active,3388.0,2025-03-17 11:33:53,,4.0,20.0,5.0,1.0,74,36505.65,11,10,0.961038961038961,5.405405405405405,0.9090909090909091,False,2025Q1
722460,Beacon Software Software,Manufacturing,United States,5,2023-09-03 13:15:51,Starter,500197,5,active,60.0,2023-09-03 13:15:51,,5.0,42.940000000000005,4.0,0.0,5,529.02,9,7,1.0,100.0,0.7777777777777778,False,2023Q3
479650,StackBase Digital,Healthcare,Japan,7,2024-06-28 13:39:26,Starter,500877,7,active,84.0,2024-06-28 13:39:26,,4.0,33.5,3.75,0.0,6,978.86,12,12,0.8571428571428571,66.66666666666666,1.0,False,2024Q2
787021,WorksiteOS Solutions,Software,Brazil,11,2024-05-13 09:14:46,Starter,500878,6,active,72.0,2024-05-13 09:14:46,,4.0,61.025,3.75,0.0,5,647.21,9,5,0.8333333333333334,80.0,0.5555555555555556,False,2024Q2
942304,HubStack Holdings,Manufacturing,United Kingdom,141,2024-08-19 10:44:44,Business,500443,117,active,5148.0,2024-08-19 10:44:44,,7.0,62.75,4.666666666666667,1.0,94,66521.22,13,12,0.8034188034188035,7.446808510638298,0.9230769230769231,False,2024Q3
664655,EdgeFlow Technologies Group,Retail,Germany,9,2023-09-10 15:30:58,Starter,500879,6,active,72.0,2023-09-10 15:30:58,,3.0,37.300000000000004,3.0,0.0,6,648.1800000000001,9,9,1.0,50.0,1.0,False,2023Q3
995264,Junction Cloud Solutions,Software,United States,18,2024-05-01 10:42:12,Starter,500880,6,active,72.0,2024-05-01 10:42:12,,4.0,28.775000000000002,3.5,0.0,6,639.47,9,9,1.0,66.66666666666666,1.0,False,2024Q2
818984,Amplitude Corp Partners,Retail,Brazil,135,2023-10-10 14:54:28,Business,500757,41,churned,1804.0,2023-10-10 14:54:28,2024-12-02 14:54:28,4.0,30.05,4.0,0.0,38,22378.4,12,8,0.926829268292683,10.526315789473683,0.6666666666666666,True,2023Q4
427620,Keystroke AI Solutions,Manufacturing,Australia,92,2024-11-01 14:15:21,Growth,500250,30,churned,720.0,2024-11-01 14:15:21,2025-03-18 14:15:21,8.0,49.628571428571426,4.0,1.0,25,9218.45,13,13,0.8333333333333334,32.0,1.0,True,2024Q4
687763,QueryForge Networks,Education,Netherlands,25,2023-09-19 08:45:28,Growth,500881,17,active,408.0,2023-09-19 08:45:28,,2.0,32.2,4.5,0.0,10,5355.04,13,13,0.5882352941176471,20.0,1.0,False,2023Q3
381513,Kinetic AI Solutions,Manufacturing,United States,3,2023-12-24 11:05:04,Starter,500427,3,active,36.0,2023-12-24 11:05:04,,6.0,39.4,4.166666666666667,0.0,3,617.0,17,14,1.0,200.0,0.8235294117647058,False,2023Q4
202107,InfraPoint Industries,Software,Germany,31,2025-06-25 14:53:29,Growth,500882,31,active,744.0,2025-06-25 14:53:29,,2.0,18.4,5.0,1.0,20,6544.45,9,7,0.6451612903225806,10.0,0.7777777777777778,False,2025Q2
283866,Omnisend Solutions,Software,Brazil,209,2024-06-16 09:08:15,Business,500057,72,active,3168.0,2024-06-16 09:08:15,,4.0,38.425,4.75,0.0,46,35394.32,11,8,0.6388888888888888,8.695652173913043,0.7272727272727273,False,2024Q2
842629,Omnisend Networks,Manufacturing,India,43,2023-04-30 17:23:03,Growth,500105,19,churned,456.0,2023-04-30 17:23:03,2025-06-04 17:23:03,3.0,39.96666666666667,4.333333333333333,0.0,11,6330.62,14,13,0.5789473684210527,27.27272727272727,0.9285714285714286,True,2023Q2
825599,Beacon Software Industries,Logistics,Brazil,9,2023-12-11 08:11:54,Starter,500883,7,active,84.0,2023-12-11 08:11:54,,3.0,14.15,3.5,1.0,6,1367.26,16,14,0.8571428571428571,50.0,0.875,False,2023Q4
481021,PipelineIO Digital,Logistics,United States,3,2024-07-16 16:40:33,Starter,500640,2,active,24.0,2024-07-16 16:40:33,,7.0,32.31666666666667,4.0,1.0,1,257.42,11,9,0.5,700.0,0.8181818181818182,False,2024Q3
386921,QueryForge Software,Software,Canada,78,2023-12-12 19:24:56,Business,500884,62,active,2728.0,2023-12-12 19:24:56,,4.0,31.166666666666668,5.0,1.0,45,30143.47,11,11,0.7258064516129032,8.88888888888889,1.0,False,2023Q4
996819,Xenon Analytics Solutions,Healthcare,United Kingdom,257,2023-12-07 20:35:38,Business,500732,39,active,1716.0,2023-12-07 20:35:38,,8.0,40.0125,3.875,0.0,35,23994.62,14,13,0.8974358974358975,22.857142857142858,0.9285714285714286,False,2023Q4
200865,Deployly Networks,Healthcare,United Kingdom,113,2023-04-18 09:24:46,Growth,500885,11,active,264.0,2023-04-18 09:24:46,,4.0,28.575000000000003,3.75,0.0,10,4017.01,15,12,0.9090909090909091,40.0,0.8,False,2023Q2
684498,Gradient Labs Software,Software,India,166,2024-12-12 10:01:56,Business,500886,46,active,2024.0,2024-12-12 10:01:56,,4.0,64.56666666666666,2.3333333333333335,1.0,28,19946.28,10,9,0.6086956521739131,14.285714285714285,0.9,False,2024Q4
445138,Momentum Tools Technologies,Manufacturing,Canada,23,2025-01-10 07:00:20,Starter,500887,11,active,132.0,2025-01-10 07:00:20,,5.0,20.325,4.0,1.0,10,1498.69,11,10,0.9090909090909091,50.0,0.9090909090909091,False,2025Q1
894894,VaultStream Solutions,Software,Netherlands,65,2023-09-24 16:55:21,Growth,500415,21,active,504.0,2023-09-24 16:55:21,,5.0,43.875,2.75,1.0,12,7695.7,15,12,0.5714285714285714,41.66666666666667,0.8,False,2023Q3
647019,GridLogic Digital,Education,Brazil,34,2024-08-08 11:59:39,Growth,500139,34,active,816.0,2024-08-08 11:59:39,,1.0,34.5,1.0,0.0,27,14572.93,18,15,0.7941176470588235,3.7037037037037033,0.8333333333333334,False,2024Q3
372180,Beacon Software Holdings,Software,United States,16,2023-02-11 16:27:46,Starter,500730,4,churned,48.0,2023-02-11 16:27:46,2025-06-01 16:27:46,4.0,41.36666666666667,3.0,1.0,4,491.94,10,10,1.0,100.0,1.0,True,2023Q1
815996,Junction Cloud Networks,Manufacturing,Japan,114,2025-04-04 16:27:44,Growth,500617,36,active,864.0,2025-04-04 16:27:44,,7.0,32.480000000000004,4.8,2.0,22,12720.96,15,14,0.6111111111111112,31.818181818181817,0.9333333333333333,False,2025Q2
708315,LaunchPad HQ Partners,Retail,Australia,12,2023-10-16 17:34:01,Starter,500528,3,past_due,36.0,2023-10-16 17:34:01,,2.0,30.299999999999997,4.0,0.0,3,558.62,16,15,1.0,66.66666666666666,0.9375,False,2023Q4
169880,StackBase Partners,Healthcare,Germany,13,2023-08-19 16:13:21,Starter,500351,8,active,96.0,2023-08-19 16:13:21,,5.0,17.419999999999998,4.4,0.0,7,959.36,10,9,0.875,71.42857142857143,0.9,False,2023Q3
970221,QueryForge Industries,Education,Netherlands,10,2023-09-07 11:10:03,Starter,500511,4,active,48.0,2023-09-07 11:10:03,,6.0,50.5,5.0,2.0,2,544.38,11,9,0.5,300.0,0.8181818181818182,False,2023Q3
686916,Gradient Labs Industries,Financial Services,India,171,2025-05-28 10:09:31,Business,500888,85,active,3740.0,2025-05-28 10:09:31,,4.0,12.75,4.5,0.0,73,66677.81,18,14,0.8588235294117647,5.47945205479452,0.7777777777777778,False,2025Q2
247268,Amplitude Corp Analytics,Manufacturing,France,41,2024-12-11 19:39:12,Growth,500889,22,active,528.0,2024-12-11 19:39:12,,4.0,12.274999999999999,4.75,0.0,15,7392.22,14,12,0.6818181818181818,26.666666666666668,0.8571428571428571,False,2024Q4
169258,WorksiteOS Networks,Financial Services,India,38,2023-02-13 16:28:38,Growth,500668,23,active,552.0,2023-02-13 16:28:38,,4.0,77.89999999999999,3.3333333333333335,1.0,21,4382.83,8,7,0.9130434782608695,19.047619047619047,0.875,False,2023Q1
499701,Xenon Analytics Networks,Financial Services,Brazil,119,2023-05-30 23:28:42,Growth,500890,11,active,264.0,2023-05-30 23:28:42,,3.0,73.76666666666667,4.666666666666667,0.0,8,3677.0,14,11,0.7272727272727273,37.5,0.7857142857142857,False,2023Q2
981433,Beacon Software Collective,Software,Canada,147,2024-12-12 07:10:56,Business,500891,37,active,1628.0,2024-12-12 07:10:56,,3.0,76.5,4.666666666666667,0.0,33,18416.36,11,9,0.8918918918918919,9.090909090909092,0.8181818181818182,False,2024Q4
716836,QueryForge Holdings,Financial Services,Australia,8,2023-07-23 12:15:27,Starter,500050,8,active,96.0,2023-07-23 12:15:27,,4.0,13.533333333333333,5.0,1.0,7,1182.84,12,12,0.875,57.14285714285714,1.0,False,2023Q3
530957,PipelineIO Partners,Software,Japan,55,2023-11-06 13:52:44,Growth,500892,8,active,192.0,2023-11-06 13:52:44,,8.0,30.82857142857143,4.0,1.0,6,3209.05,16,13,0.75,133.33333333333331,0.8125,False,2023Q4
550131,NodeSync Software,Retail,Germany,91,2024-06-13 00:12:52,Growth,500743,35,active,840.0,2024-06-13 00:12:52,,7.0,52.1,3.8,2.0,35,11752.19,14,10,1.0,20.0,0.7142857142857143,False,2024Q2
470193,Inline Systems Solutions,Healthcare,Netherlands,14,2023-08-30 07:44:30,Starter,500625,6,active,72.0,2023-08-30 07:44:30,,5.0,60.98,4.2,0.0,4,575.98,8,8,0.6666666666666666,125.0,1.0,False,2023Q3
912387,PipelineIO Analytics,Education,India,11,2024-09-25 14:16:57,Starter,500893,4,active,48.0,2024-09-25 14:16:57,,3.0,71.0,3.0,1.0,2,532.01,11,10,0.5,150.0,0.9090909090909091,False,2024Q3
133896,FunnelSoft Technologies,Retail,Germany,248,2023-04-25 15:41:31,Business,500523,63,active,2772.0,2023-04-25 15:41:31,,6.0,51.71666666666666,4.333333333333333,0.0,53,40819.31,15,14,0.8412698412698413,11.320754716981133,0.9333333333333333,False,2023Q2
142057,NexusOne Solutions,Healthcare,Netherlands,42,2023-03-18 07:52:05,Growth,500747,17,active,408.0,2023-03-18 07:52:05,,6.0,95.93333333333334,4.5,0.0,12,8702.11,21,17,0.7058823529411765,50.0,0.8095238095238095,False,2023Q1
523028,Catalyst CRM Solutions,Retail,United Kingdom,15,2025-02-07 09:34:40,Starter,500236,5,trialing,60.0,2025-02-07 09:34:40,,3.0,35.333333333333336,3.6666666666666665,0.0,5,727.17,12,12,1.0,60.0,1.0,False,2025Q1
289564,Catalyst CRM Networks,Retail,Australia,71,2025-02-05 08:29:55,Growth,500894,12,active,288.0,2025-02-05 08:29:55,,5.0,28.060000000000002,4.8,0.0,7,2822.04,10,10,0.5833333333333334,71.42857142857143,1.0,False,2025Q1
741646,Deployly Software,Manufacturing,Canada,40,2024-01-12 07:21:12,Growth,500087,33,active,792.0,2024-01-12 07:21:12,,5.0,84.74,4.0,0.0,24,17254.99,22,20,0.7272727272727273,20.833333333333336,0.9090909090909091,False,2024Q1
139051,EdgeFlow Technologies Technologies,Software,Japan,47,2024-12-04 19:32:42,Starter,500663,3,active,36.0,2024-12-04 19:32:42,,3.0,53.1,4.5,1.0,3,393.54,11,10,1.0,100.0,0.9090909090909091,False,2024Q4
967030,Keystroke AI Networks,Healthcare,Australia,79,2023-06-29 09:51:15,Growth,500331,21,active,504.0,2023-06-29 09:51:15,,7.0,38.98571428571428,4.571428571428571,0.0,18,4558.72,9,9,0.8571428571428571,38.88888888888889,1.0,False,2023Q2
379248,Inline Systems Networks,Healthcare,Netherlands,206,2025-02-15 11:50:07,Business,500413,69,active,3036.0,2025-02-15 11:50:07,,4.0,34.075,4.75,0.0,64,30032.72,10,9,0.927536231884058,6.25,0.9,False,2025Q1
728261,Keystroke AI Software,Manufacturing,Germany,22,2023-07-18 12:52:59,Starter,500895,8,active,96.0,2023-07-18 12:52:59,,2.0,59.05,3.5,0.0,7,1151.43,12,10,0.875,28.57142857142857,0.8333333333333334,False,2023Q3
586292,CloudPeak Systems Group,Financial Services,Canada,5,2025-09-08 11:47:42,Starter,500480,3,past_due,36.0,2025-09-08 11:47:42,,2.0,25.6,4.0,1.0,3,539.62,15,14,1.0,66.66666666666666,0.9333333333333333,False,2025Q3
331341,NexusOne Networks,Retail,Japan,15,2025-09-11 07:52:15,Starter,500466,4,active,48.0,2025-09-11 07:52:15,,3.0,45.0,3.0,1.0,3,525.25,11,11,0.75,100.0,1.0,False,2025Q3
823375,Deployly Industries,Software,India,116,2025-08-04 17:38:00,Growth,500896,13,active,312.0,2025-08-04 17:38:00,,9.0,48.1125,4.5,1.0,7,1184.48,4,4,0.5384615384615384,128.57142857142858,1.0,False,2025Q3
646309,CloudPeak Systems Technologies,Manufacturing,Brazil,34,2025-01-23 13:31:51,Growth,500897,15,active,360.0,2025-01-23 13:31:51,,4.0,24.55,3.75,0.0,15,6940.05,19,17,1.0,26.666666666666668,0.8947368421052632,False,2025Q1
985138,Xenon Analytics Software,Software,India,445,2024-06-12 18:54:54,Business,500490,45,churned,1980.0,2024-06-12 18:54:54,2025-03-23 18:54:54,5.0,24.259999999999998,4.0,0.0,37,23930.39,12,10,0.8222222222222222,13.513513513513514,0.8333333333333334,True,2024Q2
734926,WorksiteOS Software,Education,Australia,10,2023-05-22 14:10:24,Starter,500898,10,active,120.0,2023-05-22 14:10:24,,5.0,32.275,3.75,1.0,6,1787.63,15,14,0.6,83.33333333333334,0.9333333333333333,False,2023Q2
116626,Keystroke AI Industries,Software,Japan,161,2024-01-15 12:20:00,Business,500232,83,trialing,3652.0,2024-01-15 12:20:00,,1.0,10.7,5.0,0.0,74,47451.97,13,11,0.891566265060241,1.3513513513513513,0.8461538461538461,False,2024Q1
182129,Lattice HQ Solutions,Healthcare,Japan,29,2023-10-09 16:33:43,Growth,500638,18,active,432.0,2023-10-09 16:33:43,,3.0,21.866666666666664,4.666666666666667,0.0,12,3506.2799999999997,8,8,0.6666666666666666,25.0,1.0,False,2023Q4
717660,Basecamp Analytics Partners,Financial Services,Netherlands,18,2023-05-11 06:31:17,Starter,500899,7,active,84.0,2023-05-11 06:31:17,,4.0,46.699999999999996,3.6666666666666665,1.0,6,1250.09,15,13,0.8571428571428571,66.66666666666666,0.8666666666666667,False,2023Q2
291292,HorizonSaaS Solutions,Financial Services,Germany,63,2024-01-17 14:36:21,Growth,500256,23,active,552.0,2024-01-17 14:36:21,,4.0,38.7,4.5,0.0,16,7089.25,13,13,0.6956521739130435,25.0,1.0,False,2024Q1
682864,Deployly Holdings,Software,Netherlands,118,2025-06-08 16:50:17,Growth,500900,48,active,1152.0,2025-06-08 16:50:17,,3.0,31.233333333333334,4.666666666666667,0.0,37,11628.71,10,9,0.7708333333333334,8.108108108108109,0.9,False,2025Q2
176590,Relay Systems Partners,Retail,Germany,14,2024-07-13 17:08:34,Starter,500901,3,active,36.0,2024-07-13 17:08:34,,9.0,33.62222222222223,4.0,0.0,2,446.46,12,12,0.6666666666666666,450.0,1.0,False,2024Q3
647116,Basecamp Analytics Analytics,Retail,Japan,68,2025-03-28 19:46:24,Growth,500902,35,active,840.0,2025-03-28 19:46:24,,8.0,33.22857142857143,4.0,1.0,29,2426.37,3,3,0.8285714285714286,27.586206896551722,1.0,False,2025Q1
135223,LaunchPad HQ Analytics,Software,France,6,2023-11-25 10:17:58,Starter,500153,6,churned,72.0,2023-11-25 10:17:58,2025-03-21 10:17:58,3.0,25.233333333333334,4.0,0.0,5,1191.77,17,17,0.8333333333333334,60.0,1.0,True,2023Q4
540382,Junction Cloud Software,Manufacturing,France,21,2025-06-02 13:23:17,Growth,500903,21,active,504.0,2025-06-02 13:23:17,,7.0,20.75,3.6666666666666665,1.0,14,5005.78,10,9,0.6666666666666666,50.0,0.9,False,2025Q2
105052,Basecamp Analytics Solutions,Logistics,Canada,58,2025-06-11 17:52:05,Growth,500497,41,active,984.0,2025-06-11 17:52:05,,1.0,17.5,1.0,0.0,34,7874.99,8,7,0.8292682926829268,2.941176470588235,0.875,False,2025Q2
701732,Amplitude Corp Solutions,Manufacturing,Australia,3,2024-01-24 09:27:03,Starter,500343,3,active,36.0,2024-01-24 09:27:03,,2.0,38.4,4.5,0.0,2,544.53,15,12,0.6666666666666666,100.0,0.8,False,2024Q1
479390,FlowState Analytics,Healthcare,United States,13,2024-04-02 09:49:16,Starter,500354,3,churned,36.0,2024-04-02 09:49:16,2025-06-17 09:49:16,3.0,29.8,3.3333333333333335,0.0,2,585.48,16,15,0.6666666666666666,150.0,0.9375,True,2024Q2
749288,ZeroFriction Works,Software,Brazil,200,2023-07-01 19:50:39,Business,500762,42,churned,1848.0,2023-07-01 19:50:39,2024-03-18 19:50:39,5.0,45.519999999999996,4.6,0.0,36,20392.52,11,11,0.8571428571428571,13.88888888888889,1.0,True,2023Q3
629748,NodeSync Industries,Logistics,United Kingdom,8,2023-09-01 10:43:37,Starter,500705,7,active,84.0,2023-09-01 10:43:37,,5.0,27.25,4.0,1.0,7,931.4,11,10,1.0,71.42857142857143,0.9090909090909091,False,2023Q3
950959,Omnisend Software,Education,Australia,51,2025-05-25 07:26:31,Growth,500646,51,active,1224.0,2025-05-25 07:26:31,,5.0,50.88,4.2,0.0,35,14604.26,12,9,0.6862745098039216,14.285714285714285,0.75,False,2025Q2
278077,Amplitude Corp Networks,Education,United States,39,2023-11-28 13:28:20,Growth,500904,10,active,240.0,2023-11-28 13:28:20,,6.0,56.73333333333333,3.5,0.0,9,4504.1900000000005,19,16,0.9,66.66666666666666,0.8421052631578947,False,2023Q4
973361,Momentum Tools Digital,Education,United States,116,2024-03-01 11:56:05,Growth,500693,13,trialing,312.0,2024-03-01 11:56:05,,4.0,45.73333333333333,4.333333333333333,1.0,10,3513.56,11,9,0.7692307692307693,40.0,0.8181818181818182,False,2024Q1
874742,GridLogic Partners,Healthcare,Japan,50,2023-12-10 10:24:46,Growth,500666,41,active,984.0,2023-12-10 10:24:46,,3.0,13.85,5.0,1.0,37,15470.04,16,12,0.9024390243902439,8.108108108108109,0.75,False,2023Q4
451238,MeshWorks Digital,Financial Services,United States,91,2024-03-24 13:01:43,Growth,500046,32,active,768.0,2024-03-24 13:01:43,,4.0,42.5,3.6666666666666665,1.0,29,8460.96,11,10,0.90625,13.793103448275861,0.9090909090909091,False,2024Q1
265989,ZeroFriction Labs 1,Software,Japan,19,2024-08-01 17:50:53,Starter,500156,4,active,48.0,2024-08-01 17:50:53,,5.0,41.480000000000004,4.2,0.0,2,570.62,12,11,0.5,250.0,0.9166666666666666,False,2024Q3
747100,CloudPeak Systems Digital,Education,India,16,2024-06-19 12:55:12,Starter,500502,5,active,60.0,2024-06-19 12:55:12,,4.0,29.799999999999997,4.25,0.0,3,724.87,12,9,0.6,133.33333333333331,0.75,False,2024Q2
471767,StackBase Analytics,Healthcare,Brazil,20,2023-06-22 19:59:19,Starter,500547,7,active,84.0,2023-06-22 19:59:19,,4.0,29.824999999999996,3.75,0.0,6,818.44,10,9,0.8571428571428571,66.66666666666666,0.9,False,2023Q2
401402,Relay Systems Analytics,Retail,Canada,60,2024-01-03 17:30:54,Growth,500905,10,active,240.0,2024-01-03 17:30:54,,6.0,50.949999999999996,4.333333333333333,0.0,9,1622.98,7,7,0.9,66.66666666666666,1.0,False,2024Q1
625558,TriggerPoint Labs 1,Education,Germany,7,2023-09-21 03:32:34,Starter,500906,6,active,72.0,2023-09-21 03:32:34,,7.0,59.128571428571426,4.285714285714286,0.0,3,917.66,13,11,0.5,233.33333333333334,0.8461538461538461,False,2023Q3
980971,HorizonSaaS Networks,Retail,Germany,38,2025-01-01 17:05:02,Growth,500907,21,active,504.0,2025-01-01 17:05:02,,2.0,65.35,4.5,0.0,13,7009.22,14,13,0.6190476190476191,15.384615384615385,0.9285714285714286,False,2025Q1
691555,Basecamp Analytics Networks,Logistics,United States,25,2025-01-19 13:52:46,Growth,500307,25,active,600.0,2025-01-19 13:52:46,,3.0,19.0,4.0,0.0,24,5438.17,9,7,0.96,12.5,0.7777777777777778,False,2025Q1
908690,InfraPoint Holdings,Manufacturing,Brazil,41,2024-02-04 08:35:23,Growth,500368,35,past_due,840.0,2024-02-04 08:35:23,,11.0,21.163636363636364,4.454545454545454,0.0,34,10265.17,12,9,0.9714285714285714,32.35294117647059,0.75,False,2024Q1
699272,Omnisend Industries,Retail,Netherlands,10,2023-06-18 11:19:25,Starter,500209,7,churned,84.0,2023-06-18 11:19:25,2025-09-22 11:19:25,3.0,56.46666666666667,5.0,0.0,6,1076.46,13,11,0.8571428571428571,50.0,0.8461538461538461,True,2023Q2
529391,NexusOne Software,Manufacturing,United States,3,2023-08-09 09:03:49,Starter,500908,3,active,36.0,2023-08-09 09:03:49,,8.0,51.52857142857143,4.0,1.0,2,363.97,10,10,0.6666666666666666,400.0,1.0,False,2023Q3
874496,Amplitude Corp Software,Retail,Germany,181,2024-11-11 12:19:06,Business,500909,35,active,1540.0,2024-11-11 12:19:06,,4.0,38.1,4.5,0.0,30,10557.58,7,6,0.8571428571428571,13.333333333333334,0.8571428571428571,False,2024Q4
863338,TriggerPoint Systems 1,Financial Services,France,46,2025-06-14 15:05:34,Growth,500269,17,churned,408.0,2025-06-14 15:05:34,2025-09-26 15:05:34,5.0,24.52,4.0,0.0,12,7829.0,19,17,0.7058823529411765,41.66666666666667,0.8947368421052632,True,2025Q2
574470,HorizonSaaS Software,Software,Japan,105,2023-03-26 08:08:55,Growth,500910,18,active,432.0,2023-03-26 08:08:55,,1.0,18.2,5.0,0.0,12,5942.08,14,12,0.6666666666666666,8.333333333333332,0.8571428571428571,False,2023Q1
147475,StackBase Solutions,Manufacturing,Brazil,3,2024-05-08 08:38:42,Starter,500911,3,active,36.0,2024-05-08 08:38:42,,5.0,39.76,4.0,0.0,3,287.31,8,6,1.0,166.66666666666669,0.75,False,2024Q2
172596,Gradient Labs Holdings,Logistics,Australia,29,2024-03-08 22:12:58,Growth,500912,13,active,312.0,2024-03-08 22:12:58,,0.0,,,0.0,13,2135.49,7,6,1.0,0.0,0.8571428571428571,False,2024Q1
561622,Amplitude Corp Industries,Financial Services,United Kingdom,14,2024-06-09 16:53:00,Starter,500002,3,active,36.0,2024-06-09 16:53:00,,1.0,68.9,3.0,0.0,3,335.27,9,6,1.0,33.33333333333333,0.6666666666666666,False,2024Q2
110911,Gradient Labs Collective,Healthcare,Brazil,20,2024-06-20 07:32:47,Starter,500055,3,active,36.0,2024-06-20 07:32:47,,2.0,37.1,4.0,0.0,2,435.66,12,12,0.6666666666666666,100.0,1.0,False,2024Q2
907943,Catalyst CRM Software,Healthcare,India,23,2025-01-24 13:08:27,Starter,500321,3,past_due,36.0,2025-01-24 13:08:27,,7.0,34.833333333333336,3.3333333333333335,1.0,3,315.90999999999997,9,9,1.0,233.33333333333334,1.0,False,2025Q1
650871,Kinetic AI Networks,Manufacturing,France,114,2023-04-30 06:41:52,Growth,500313,21,active,504.0,2023-04-30 06:41:52,,3.0,13.95,3.5,1.0,21,5015.99,10,10,1.0,14.285714285714285,1.0,False,2023Q2
783281,Junction Cloud Industries,Software,United States,3,2024-05-02 21:23:15,Starter,500159,3,active,36.0,2024-05-02 21:23:15,,4.0,19.3,3.75,0.0,3,316.59,9,9,1.0,133.33333333333331,1.0,False,2024Q2
964514,Omnisend Holdings,Software,United Kingdom,26,2025-01-20 16:38:55,Growth,500913,21,active,504.0,2025-01-20 16:38:55,,8.0,28.233333333333334,4.5,2.0,16,4035.33,8,8,0.7619047619047619,50.0,1.0,False,2025Q1
649261,Beacon Software Works,Healthcare,France,115,2023-10-08 08:39:26,Growth,500914,23,active,552.0,2023-10-08 08:39:26,,4.0,36.15,3.5,0.0,21,6631.48,12,12,0.9130434782608695,19.047619047619047,1.0,False,2023Q4
656281,Keystroke AI Holdings,Healthcare,France,98,2025-05-30 13:29:56,Growth,500524,10,active,240.0,2025-05-30 13:29:56,,3.0,18.8,4.333333333333333,0.0,8,4584.75,19,17,0.8,37.5,0.8947368421052632,False,2025Q2
620446,Catalyst CRM Industries,Software,Germany,3,2025-05-13 09:11:20,Starter,500915,3,active,36.0,2025-05-13 09:11:20,,3.0,59.1,4.5,1.0,2,356.87,10,10,0.6666666666666666,150.0,1.0,False,2025Q2
642899,PipelineIO Solutions,Financial Services,Germany,7,2023-07-06 15:58:13,Starter,500474,6,active,72.0,2023-07-06 15:58:13,,2.0,48.65,4.0,0.0,4,1727.72,24,22,0.6666666666666666,50.0,0.9166666666666666,False,2023Q3
626850,Keystroke AI Collective,Retail,France,6,2024-08-13 12:08:32,Starter,500572,6,trialing,72.0,2024-08-13 12:08:32,,2.0,53.95,4.5,0.0,5,131.12,2,1,0.8333333333333334,40.0,0.5,False,2024Q3
206528,Gradient Labs Works,Retail,United Kingdom,15,2025-09-10 18:36:36,Starter,500916,8,active,96.0,2025-09-10 18:36:36,,1.0,21.5,5.0,0.0,6,1533.66,16,13,0.75,16.666666666666664,0.8125,False,2025Q3
819199,ZeroFriction Systems 1,Healthcare,United States,4,2023-07-15 09:03:37,Starter,500401,3,past_due,36.0,2023-07-15 09:03:37,,3.0,14.566666666666668,2.6666666666666665,0.0,3,620.24,17,17,1.0,100.0,1.0,False,2023Q3
972041,Xenon Analytics Industries,Software,India,39,2025-06-14 11:39:37,Growth,500917,24,active,576.0,2025-06-14 11:39:37,,4.0,23.525000000000002,4.5,0.0,17,5160.43,9,8,0.7083333333333334,23.52941176470588,0.8888888888888888,False,2025Q2
744444,Kinetic AI Software,Manufacturing,India,57,2024-04-10 14:00:57,Business,500918,57,active,2508.0,2024-04-10 14:00:57,,6.0,28.400000000000002,2.8333333333333335,0.0,47,35520.44,14,13,0.8245614035087719,12.76595744680851,0.9285714285714286,False,2024Q2
865573,EdgeFlow Technologies Digital,Financial Services,Germany,24,2024-04-15 21:17:45,Starter,500919,9,active,108.0,2024-04-15 21:17:45,,8.0,35.97142857142857,4.142857142857143,1.0,8,1186.44,11,11,0.8888888888888888,100.0,1.0,False,2024Q2
775816,NodeSync Holdings,Manufacturing,France,4,2024-05-20 15:55:15,Starter,500533,4,active,48.0,2024-05-20 15:55:15,,1.0,39.8,3.0,0.0,3,391.93,8,6,0.75,33.33333333333333,0.75,False,2024Q2
225784,DataBridge Pro Networks,Software,Netherlands,168,2025-03-24 09:07:25,Business,500100,109,active,4796.0,2025-03-24 09:07:25,,10.0,28.01111111111111,3.0,1.0,94,89559.34,18,15,0.8623853211009175,10.638297872340425,0.8333333333333334,False,2025Q1
961826,FunnelSoft Digital,Retail,United States,14,2024-02-19 10:12:48,Starter,500160,6,active,72.0,2024-02-19 10:12:48,,5.0,37.44,3.2,0.0,6,828.27,12,9,1.0,83.33333333333334,0.75,False,2024Q1
877086,InfraPoint Collective,Healthcare,Japan,31,2025-07-20 07:55:37,Growth,500184,22,active,528.0,2025-07-20 07:55:37,,4.0,86.55,4.5,0.0,18,9794.52,18,14,0.8181818181818182,22.22222222222222,0.7777777777777778,False,2025Q3
600507,Axiom Labs Analytics,Healthcare,Netherlands,84,2025-09-08 07:36:42,Growth,500920,16,active,384.0,2025-09-08 07:36:42,,4.0,27.2,3.5,0.0,9,2682.79,7,5,0.5625,44.44444444444444,0.7142857142857143,False,2025Q3
200631,StackBase Networks,Education,Germany,46,2023-02-08 02:16:51,Growth,500639,10,active,240.0,2023-02-08 02:16:51,,3.0,25.566666666666663,4.0,0.0,7,2980.16,12,12,0.7,42.857142857142854,1.0,False,2023Q1
583252,FunnelSoft Partners,Financial Services,France,60,2023-01-04 09:31:57,Growth,500366,20,past_due,480.0,2023-01-04 09:31:57,,6.0,41.71666666666667,3.6666666666666665,0.0,18,5806.97,12,10,0.9,33.33333333333333,0.8333333333333334,False,2023Q1
802565,Omnisend Collective,Financial Services,Canada,560,2025-08-17 13:13:00,Business,500049,67,active,2948.0,2025-08-17 13:13:00,,4.0,55.76666666666667,4.666666666666667,1.0,63,47760.13,16,14,0.9402985074626866,6.349206349206349,0.875,False,2025Q3
351475,Xenon Analytics Holdings,Software,Brazil,11,2023-09-02 12:33:04,Starter,500921,7,active,84.0,2023-09-02 12:33:04,,3.0,13.800000000000002,4.0,0.0,4,681.47,8,8,0.5714285714285714,75.0,1.0,False,2023Q3
312337,Amplitude Corp Holdings,Logistics,Germany,21,2023-10-10 11:27:06,Starter,500922,6,active,72.0,2023-10-10 11:27:06,,7.0,44.82857142857143,4.142857142857143,0.0,3,1276.72,18,15,0.5,233.33333333333334,0.8333333333333334,False,2023Q4
669363,PipelineIO Networks,Education,Germany,18,2023-12-10 14:39:34,Starter,500479,4,active,48.0,2023-12-10 14:39:34,,2.0,77.30000000000001,3.0,0.0,4,716.92,15,13,1.0,50.0,0.8666666666666667,False,2023Q4
487420,Unified Ops Software,Manufacturing,Australia,36,2023-01-25 17:35:47,Growth,500369,25,active,600.0,2023-01-25 17:35:47,,6.0,51.300000000000004,4.666666666666667,0.0,24,6471.0,11,8,0.96,25.0,0.7272727272727273,False,2023Q1
989410,StackBase Software,Manufacturing,France,12,2025-05-22 06:42:55,Starter,500655,1,active,12.0,2025-05-22 06:42:55,,6.0,47.78333333333333,4.166666666666667,0.0,1,71.2,6,5,1.0,600.0,0.8333333333333334,False,2025Q2
631003,FunnelSoft Analytics,Financial Services,Netherlands,105,2024-05-10 19:27:57,Growth,500923,13,active,312.0,2024-05-10 19:27:57,,2.0,114.3,3.0,0.0,10,6204.94,20,17,0.7692307692307693,20.0,0.85,False,2024Q2
244780,Keystroke AI Works,Retail,Brazil,208,2023-12-18 17:49:57,Business,500924,128,active,5632.0,2023-12-18 17:49:57,,7.0,47.800000000000004,3.7142857142857144,0.0,92,96680.56,17,16,0.71875,7.608695652173914,0.9411764705882353,False,2023Q4
958517,Catalyst CRM Holdings,Financial Services,Netherlands,28,2025-01-29 04:10:35,Growth,500549,28,active,672.0,2025-01-29 04:10:35,,5.0,55.724999999999994,4.0,1.0,21,10241.98,15,14,0.75,23.809523809523807,0.9333333333333333,False,2025Q1
613449,Catalyst CRM Collective,Logistics,France,25,2025-04-01 10:37:48,Growth,500925,10,active,240.0,2025-04-01 10:37:48,,4.0,31.275,3.5,0.0,9,3620.9900000000002,15,15,0.9,44.44444444444444,1.0,False,2025Q2
615864,Basecamp Analytics Software,Education,Netherlands,87,2024-02-06 14:50:10,Growth,500926,25,active,600.0,2024-02-06 14:50:10,,2.0,47.3,4.5,0.0,15,9609.72,16,16,0.6,13.333333333333334,1.0,False,2024Q1
124942,MeshWorks Partners,Retail,France,55,2023-06-13 15:09:25,Growth,500403,25,churned,600.0,2023-06-13 15:09:25,2023-11-14 15:09:25,8.0,65.5,4.5,2.0,16,6095.57,10,8,0.64,50.0,0.8,True,2023Q2
713585,FlowState Solutions,Retail,Netherlands,23,2024-12-12 06:52:20,Starter,500132,7,active,84.0,2024-12-12 06:52:20,,5.0,45.725,3.25,1.0,6,919.54,11,10,0.8571428571428571,83.33333333333334,0.9090909090909091,False,2024Q4
901613,Basecamp Analytics Industries,Software,Germany,17,2024-11-27 13:23:58,Starter,500376,5,past_due,60.0,2024-11-27 13:23:58,,3.0,46.9,3.6666666666666665,0.0,4,363.9,6,6,0.8,75.0,1.0,False,2024Q4
353158,HubStack Collective,Retail,Canada,238,2025-04-25 09:28:47,Business,500107,42,active,1848.0,2025-04-25 09:28:47,,8.0,51.51666666666667,3.8333333333333335,2.0,34,30651.52,17,14,0.8095238095238095,23.52941176470588,0.8235294117647058,False,2025Q2
242324,StackBase Industries,Financial Services,Japan,20,2024-08-26 14:47:34,Starter,500685,3,active,36.0,2024-08-26 14:47:34,,4.0,41.1,4.75,0.0,2,366.55,10,7,0.6666666666666666,200.0,0.7,False,2024Q3
110861,Deployly Collective,Retail,Canada,13,2024-06-28 08:43:25,Starter,500927,6,active,72.0,2024-06-28 08:43:25,,2.0,45.900000000000006,5.0,0.0,5,897.16,13,10,0.8333333333333334,40.0,0.7692307692307693,False,2024Q2
221718,TriggerPoint Group 1,Financial Services,Canada,19,2023-10-14 16:18:58,Starter,500234,4,active,48.0,2023-10-14 16:18:58,,4.0,49.29999999999999,3.3333333333333335,1.0,4,392.8,8,7,1.0,100.0,0.875,False,2023Q4
271313,Envoy Platforms Technologies,Retail,India,82,2023-05-25 09:00:57,Growth,500928,41,active,984.0,2023-05-25 09:00:57,,8.0,34.74285714285714,4.0,1.0,30,14116.779999999999,14,11,0.7317073170731707,26.666666666666668,0.7857142857142857,False,2023Q2
431648,TriggerPoint Technologies 1,Retail,United Kingdom,11,2025-07-06 07:04:43,Starter,500929,11,active,132.0,2025-07-06 07:04:43,,7.0,36.68333333333333,4.5,1.0,7,1962.22,15,14,0.6363636363636364,100.0,0.9333333333333333,False,2025Q3
810858,HubStack Works,Healthcare,United Kingdom,86,2025-01-14 07:28:44,Growth,500662,11,active,264.0,2025-01-14 07:28:44,,6.0,26.799999999999997,5.0,2.0,8,3403.11,13,13,0.7272727272727273,75.0,1.0,False,2025Q1
664752,InfraPoint Works,Education,Netherlands,17,2024-02-21 19:43:58,Starter,500628,7,active,84.0,2024-02-21 19:43:58,,3.0,27.0,3.6666666666666665,0.0,5,1273.5,15,13,0.7142857142857143,60.0,0.8666666666666667,False,2024Q1
631393,NodeSync Collective,Financial Services,Canada,5,2023-11-16 08:06:49,Starter,500460,3,active,36.0,2023-11-16 08:06:49,,2.0,31.9,4.5,0.0,3,467.18,13,11,1.0,66.66666666666666,0.8461538461538461,False,2023Q4
278618,CloudPeak Systems Partners,Software,Germany,27,2023-08-24 10:55:11,Growth,500285,27,churned,648.0,2023-08-24 10:55:11,2024-08-01 10:55:11,3.0,42.666666666666664,4.666666666666667,0.0,26,10346.91,16,15,0.9629629629629629,11.538461538461538,0.9375,True,2023Q3
988184,Junction Cloud Holdings,Manufacturing,India,140,2025-07-11 18:22:39,Business,500254,38,active,1672.0,2025-07-11 18:22:39,,4.0,49.56666666666666,3.6666666666666665,1.0,34,15339.35,9,7,0.8947368421052632,11.76470588235294,0.7777777777777778,False,2025Q3
806501,Beacon Software Labs 1,Education,Germany,25,2024-05-03 11:11:56,Growth,500738,17,active,408.0,2024-05-03 11:11:56,,4.0,61.475,4.75,0.0,13,6568.31,16,14,0.7647058823529411,30.76923076923077,0.875,False,2024Q2
281254,StackBase Holdings,Retail,Japan,113,2023-11-19 17:18:59,Growth,500930,14,active,336.0,2023-11-19 17:18:59,,1.0,13.8,3.0,0.0,10,3718.19,11,11,0.7142857142857143,10.0,1.0,False,2023Q4
174010,NodeSync Works,Healthcare,Germany,9,2023-04-26 15:41:43,Starter,500482,8,churned,96.0,2023-04-26 15:41:43,2023-12-22 15:41:43,6.0,44.25,4.833333333333333,0.0,8,1040.64,11,10,1.0,75.0,0.9090909090909091,True,2023Q2
245218,Gradient Labs Labs 1,Manufacturing,Canada,202,2024-03-08 15:44:50,Business,500204,35,active,1540.0,2024-03-08 15:44:50,,0.0,,,0.0,33,16976.72,11,10,0.9428571428571428,0.0,0.9090909090909091,False,2024Q1
171084,Catalyst CRM Works,Manufacturing,India,78,2024-03-13 15:13:51,Growth,500931,40,active,960.0,2024-03-13 15:13:51,,5.0,61.08,4.0,0.0,37,8682.68,9,9,0.925,13.513513513513514,1.0,False,2024Q1
959623,VaultStream Networks,Retail,India,22,2023-04-29 15:17:08,Starter,500408,6,active,72.0,2023-04-29 15:17:08,,4.0,48.45,3.5,0.0,5,798.96,11,9,0.8333333333333334,80.0,0.8181818181818182,False,2023Q2
562219,InfraPoint Labs 1,Software,India,302,2025-04-30 09:12:30,Business,500932,54,active,2376.0,2025-04-30 09:12:30,,8.0,23.428571428571427,3.7142857142857144,1.0,39,8927.28,4,4,0.7222222222222222,20.51282051282051,1.0,False,2025Q2
917801,Xenon Analytics Collective,Education,India,201,2023-05-30 13:46:34,Business,500047,87,trialing,3828.0,2023-05-30 13:46:34,,7.0,51.199999999999996,4.571428571428571,0.0,77,46631.840000000004,12,12,0.8850574712643678,9.090909090909092,1.0,False,2023Q2
765110,NexusOne Industries,Financial Services,Australia,3,2025-06-28 02:11:59,Starter,500642,3,active,36.0,2025-06-28 02:11:59,,3.0,35.86666666666667,4.666666666666667,0.0,3,559.91,16,13,1.0,100.0,0.8125,False,2025Q2
605260,HorizonSaaS Industries,Retail,Japan,16,2025-02-23 13:18:21,Starter,500009,6,active,72.0,2025-02-23 13:18:21,,4.0,34.800000000000004,4.0,1.0,3,1504.0,21,20,0.5,133.33333333333331,0.9523809523809523,False,2025Q1
111936,HubStack Labs 1,Financial Services,Canada,80,2023-06-27 08:27:54,Growth,500667,33,churned,792.0,2023-06-27 08:27:54,2024-10-15 08:27:54,2.0,10.95,4.5,0.0,18,8837.17,11,10,0.5454545454545454,11.11111111111111,0.9090909090909091,True,2023Q2
660322,Inline Systems Software,Financial Services,India,26,2024-08-25 08:54:14,Growth,500648,20,active,480.0,2024-08-25 08:54:14,,6.0,24.14,4.0,1.0,15,6634.87,14,14,0.75,40.0,1.0,False,2024Q3
663857,Kinetic AI Industries,Retail,Netherlands,278,2025-01-23 16:45:53,Business,500933,57,active,2508.0,2025-01-23 16:45:53,,6.0,60.225,4.5,2.0,52,39541.66,16,15,0.9122807017543859,11.538461538461538,0.9375,False,2025Q1
259726,HorizonSaaS Holdings,Retail,Japan,5,2023-08-05 08:27:58,Starter,500934,4,active,48.0,2023-08-05 08:27:58,,4.0,33.824999999999996,4.25,0.0,4,432.66,9,9,1.0,100.0,1.0,False,2023Q3
172478,GridLogic Analytics,Healthcare,Australia,54,2023-08-06 10:33:08,Growth,500935,20,active,480.0,2023-08-06 10:33:08,,1.0,89.8,5.0,0.0,17,5936.82,12,11,0.85,5.88235294117647,0.9166666666666666,False,2023Q3
282693,HubStack Systems 1,Software,Canada,3,2025-02-08 07:28:59,Starter,500210,3,active,36.0,2025-02-08 07:28:59,,2.0,31.150000000000002,3.0,0.0,3,383.06,11,8,1.0,66.66666666666666,0.7272727272727273,False,2025Q1
822380,GridLogic Solutions,Retail,Brazil,70,2024-12-21 13:33:11,Growth,500936,12,active,288.0,2024-12-21 13:33:11,,2.0,48.7,4.0,0.0,10,3183.73,11,8,0.8333333333333334,20.0,0.7272727272727273,False,2024Q4
992844,FlowState Networks,Software,France,91,2024-06-17 10:33:17,Growth,500284,12,active,288.0,2024-06-17 10:33:17,,6.0,37.739999999999995,3.8,1.0,10,4361.67,15,15,0.8333333333333334,60.0,1.0,False,2024Q2
647876,YieldMetrics Digital,Retail,India,33,2024-06-12 01:06:52,Growth,500937,11,active,264.0,2024-06-12 01:06:52,,7.0,27.2,3.5,1.0,10,4133.87,16,15,0.9090909090909091,70.0,0.9375,False,2024Q2
921303,VaultStream Software,Financial Services,France,29,2023-11-29 16:06:35,Growth,500938,25,active,600.0,2023-11-29 16:06:35,,7.0,43.199999999999996,3.142857142857143,0.0,17,6449.86,11,11,0.68,41.17647058823529,1.0,False,2023Q4
695703,ZeroFriction Group 1,Retail,Brazil,22,2024-09-16 13:55:24,Starter,500038,6,active,72.0,2024-09-16 13:55:24,,2.0,117.4,1.0,1.0,6,735.87,10,9,1.0,33.33333333333333,0.9,False,2024Q3
918643,Inline Systems Industries,Software,United States,26,2025-03-16 18:44:05,Growth,500939,26,active,624.0,2025-03-16 18:44:05,,5.0,32.04,3.4,0.0,20,9002.81,14,13,0.7692307692307693,25.0,0.9285714285714286,False,2025Q1
244208,Unified Ops Industries,Software,Netherlands,12,2024-09-25 16:08:23,Starter,500410,3,active,36.0,2024-09-25 16:08:23,,8.0,22.2875,4.125,0.0,2,253.72,7,7,0.6666666666666666,400.0,1.0,False,2024Q3
962615,CloudPeak Systems Analytics,Software,Australia,33,2024-01-17 08:20:16,Growth,500940,33,active,792.0,2024-01-17 08:20:16,,5.0,32.160000000000004,3.6,0.0,29,10437.83,13,13,0.8787878787878788,17.24137931034483,1.0,False,2024Q1
975689,PipelineIO Software,Healthcare,Australia,40,2023-09-19 08:46:35,Growth,500679,16,active,384.0,2023-09-19 08:46:35,,5.0,35.375,3.0,1.0,10,3732.86,10,9,0.625,50.0,0.9,False,2023Q3
604137,StackBase Collective,Manufacturing,India,12,2023-11-20 13:28:03,Starter,500727,5,active,60.0,2023-11-20 13:28:03,,4.0,31.3,4.5,0.0,3,971.14,16,13,0.6,133.33333333333331,0.8125,False,2023Q4
831303,Unified Ops Holdings,Software,France,25,2024-05-19 13:26:45,Growth,500670,9,active,216.0,2024-05-19 13:26:45,,4.0,35.075,4.5,0.0,7,2160.32,10,10,0.7777777777777778,57.14285714285714,1.0,False,2024Q2
419173,Amplitude Corp Collective,Healthcare,Brazil,564,2024-11-23 10:49:23,Business,500615,89,active,3916.0,2024-11-23 10:49:23,,8.0,28.88571428571429,3.2857142857142856,1.0,79,55612.0,14,12,0.8876404494382022,10.126582278481013,0.8571428571428571,False,2024Q4
695829,GridLogic Networks,Manufacturing,Australia,4,2023-06-20 20:27:45,Starter,500048,4,active,48.0,2023-06-20 20:27:45,,5.0,36.675,3.5,1.0,3,901.53,19,19,0.75,166.66666666666669,1.0,False,2023Q2
551362,PipelineIO Industries,Financial Services,Japan,36,2023-09-04 09:02:41,Growth,500719,36,active,864.0,2023-09-04 09:02:41,,3.0,20.833333333333332,4.666666666666667,0.0,30,8781.78,10,9,0.8333333333333334,10.0,0.9,False,2023Q3
886365,Basecamp Analytics Holdings,Financial Services,France,225,2024-03-25 08:56:04,Business,500395,57,active,2508.0,2024-03-25 08:56:04,,4.0,44.675,4.25,0.0,47,52328.49,21,20,0.8245614035087719,8.51063829787234,0.9523809523809523,False,2024Q1
989345,Relay Systems Solutions,Software,United States,72,2024-02-21 13:24:09,Growth,500065,7,active,168.0,2024-02-21 13:24:09,,5.0,60.3,4.4,0.0,6,2510.43,15,13,0.8571428571428571,83.33333333333334,0.8666666666666667,False,2024Q1
651891,Lattice HQ Networks,Logistics,Canada,620,2025-02-05 16:00:46,Enterprise,500566,154,active,12166.0,2025-02-05 16:00:46,,12.0,37.82727272727273,4.545454545454546,1.0,144,97160.31,8,6,0.935064935064935,8.333333333333332,0.75,False,2025Q1
339409,Amplitude Corp Works,Financial Services,Canada,11,2025-09-20 15:06:00,Starter,500941,6,active,72.0,2025-09-20 15:06:00,,8.0,42.125,3.875,0.0,3,1053.56,15,14,0.5,266.66666666666663,0.9333333333333333,False,2025Q3
852560,FlowState Software,Healthcare,Japan,66,2023-09-17 15:01:33,Growth,500122,28,active,672.0,2023-09-17 15:01:33,,7.0,25.228571428571428,4.714285714285714,0.0,18,4589.7,7,6,0.6428571428571429,38.88888888888889,0.8571428571428571,False,2023Q3
298901,Xenon Analytics Works,Healthcare,Australia,5,2024-06-04 04:17:45,Starter,500208,5,active,60.0,2024-06-04 04:17:45,,3.0,36.75,4.5,1.0,3,735.66,12,12,0.6,100.0,1.0,False,2024Q2
871334,NexusOne Holdings,Education,France,64,2025-01-26 14:22:10,Starter,500129,9,active,108.0,2025-01-26 14:22:10,,5.0,16.86,4.4,0.0,7,1152.94,11,9,0.7777777777777778,71.42857142857143,0.8181818181818182,False,2025Q1
557985,NexusOne Collective,Software,France,4,2023-11-18 18:33:27,Starter,500942,4,active,48.0,2023-11-18 18:33:27,,6.0,57.166666666666664,3.3333333333333335,0.0,2,538.54,11,10,0.5,300.0,0.9090909090909091,False,2023Q4
865183,CloudPeak Systems Solutions,Education,Australia,115,2023-09-26 15:19:08,Business,500943,68,active,2992.0,2023-09-26 15:19:08,,1.0,30.4,3.0,0.0,55,23781.780000000002,8,8,0.8088235294117647,1.8181818181818181,1.0,False,2023Q3
514217,WorksiteOS Industries,Healthcare,United States,36,2025-07-27 10:40:54,Growth,500244,30,active,720.0,2025-07-27 10:40:54,,10.0,38.67,4.1,0.0,27,9417.34,13,9,0.9,37.03703703703704,0.6923076923076923,False,2025Q3
299619,EdgeFlow Technologies Partners,Software,France,85,2023-10-20 20:04:44,Growth,500471,16,active,384.0,2023-10-20 20:04:44,,5.0,64.17999999999999,4.0,0.0,15,3513.13,9,9,0.9375,33.33333333333333,1.0,False,2023Q4
556047,YieldMetrics Partners,Healthcare,Netherlands,32,2023-12-17 13:12:50,Growth,500323,32,active,768.0,2023-12-17 13:12:50,,3.0,48.0,4.5,1.0,21,17194.8,22,21,0.65625,14.285714285714285,0.9545454545454546,False,2023Q4
722037,Junction Cloud Collective,Financial Services,Australia,27,2023-01-04 09:38:09,Starter,500412,12,active,144.0,2023-01-04 09:38:09,,4.0,38.325,3.0,0.0,9,1445.3600000000001,10,10,0.75,44.44444444444444,1.0,False,2023Q1
377902,NodeSync Labs 1,Healthcare,France,126,2023-01-10 13:24:26,Business,500150,90,active,3960.0,2023-01-10 13:24:26,,5.0,21.8,4.2,0.0,88,62608.03,16,13,0.9777777777777777,5.681818181818182,0.8125,False,2023Q1
793847,NexusOne Works,Financial Services,Germany,25,2025-05-08 13:01:43,Growth,500944,25,active,600.0,2025-05-08 13:01:43,,2.0,26.9,2.5,0.0,16,9595.01,16,15,0.64,12.5,0.9375,False,2025Q2
741178,DataBridge Pro Software,Software,Japan,47,2024-08-07 17:49:44,Growth,500726,19,active,456.0,2024-08-07 17:49:44,,4.0,80.65,3.25,0.0,16,7966.1900000000005,18,17,0.8421052631578947,25.0,0.9444444444444444,False,2024Q3
397763,HubStack Group 1,Manufacturing,India,79,2024-03-28 13:41:39,Growth,500363,13,trialing,312.0,2024-03-28 13:41:39,,8.0,42.1625,4.0,0.0,11,1631.75,5,4,0.8461538461538461,72.72727272727273,0.8,False,2024Q1
436439,Relay Systems Networks,Manufacturing,Brazil,22,2025-01-10 13:16:04,Starter,500945,3,active,36.0,2025-01-10 13:16:04,,6.0,43.779999999999994,4.0,1.0,3,542.98,15,14,1.0,200.0,0.9333333333333333,False,2025Q1
428057,Axiom Labs Solutions,Retail,France,4,2025-08-02 08:07:19,Starter,500578,4,active,48.0,2025-08-02 08:07:19,,5.0,48.96,3.2,0.0,4,1110.35,23,22,1.0,125.0,0.9565217391304348,False,2025Q3
393362,FlowState Industries,Software,United Kingdom,25,2023-08-01 09:27:52,Growth,500137,25,active,600.0,2023-08-01 09:27:52,,5.0,47.980000000000004,2.6,0.0,24,5271.03,9,7,0.96,20.833333333333336,0.7777777777777778,False,2023Q3
588070,QueryForge Collective,Financial Services,Japan,48,2025-07-16 12:37:06,Growth,500339,11,active,264.0,2025-07-16 12:37:06,,7.0,28.2,3.857142857142857,0.0,9,2841.67,11,11,0.8181818181818182,77.77777777777779,1.0,False,2025Q3
519899,Keystroke AI Labs 1,Healthcare,Canada,7,2023-02-26 14:31:28,Starter,500589,3,active,36.0,2023-02-26 14:31:28,,4.0,38.175,3.5,0.0,2,423.15,12,11,0.6666666666666666,200.0,0.9166666666666666,False,2023Q1
731506,InfraPoint Systems 1,Software,Brazil,7,2025-02-03 08:07:21,Starter,500946,1,active,12.0,2025-02-03 08:07:21,,4.0,39.125,3.25,0.0,1,128.55,11,10,1.0,400.0,0.9090909090909091,False,2025Q1
766913,Catalyst CRM Labs 1,Financial Services,India,36,2025-05-20 10:37:41,Growth,500374,19,active,456.0,2025-05-20 10:37:41,,7.0,65.04285714285714,3.857142857142857,0.0,11,5899.1,13,13,0.5789473684210527,63.63636363636363,1.0,False,2025Q2
301410,InfraPoint Group 1,Retail,Japan,20,2024-02-24 09:58:29,Growth,500947,10,active,240.0,2024-02-24 09:58:29,,2.0,23.650000000000002,4.0,0.0,6,3843.67,16,14,0.6,33.33333333333333,0.875,False,2024Q1
692337,WorksiteOS Holdings,Retail,United Kingdom,30,2023-01-15 16:23:07,Growth,500650,28,active,672.0,2023-01-15 16:23:07,,6.0,67.61666666666666,3.8333333333333335,0.0,26,6035.7,9,8,0.9285714285714286,23.076923076923077,0.8888888888888888,False,2023Q1
845929,Deployly Works,Financial Services,India,4,2025-02-16 11:54:59,Starter,500948,4,active,48.0,2025-02-16 11:54:59,,5.0,45.88,4.2,0.0,3,730.08,15,14,0.75,166.66666666666669,0.9333333333333333,False,2025Q1
189189,CloudPeak Systems Networks,Financial Services,Canada,21,2025-01-10 10:21:58,Growth,500698,17,active,408.0,2025-01-10 10:21:58,,5.0,38.72,4.6,0.0,16,5714.84,14,14,0.9411764705882353,31.25,1.0,False,2025Q1
723768,JetMetrics Solutions,Software,United States,32,2024-05-07 10:49:03,Growth,500696,17,active,408.0,2024-05-07 10:49:03,,4.0,96.45,4.0,0.0,10,6954.28,17,17,0.5882352941176471,40.0,1.0,False,2024Q2
279735,VaultStream Industries,Healthcare,France,9,2025-05-09 12:02:27,Starter,500665,9,active,108.0,2025-05-09 12:02:27,,5.0,13.8,4.25,1.0,5,851.92,8,8,0.5555555555555556,100.0,1.0,False,2025Q2
869256,FlowState Holdings,Retail,Canada,20,2024-12-04 15:26:20,Starter,500712,6,active,72.0,2024-12-04 15:26:20,,1.0,13.8,4.0,0.0,6,1295.1,18,17,1.0,16.666666666666664,0.9444444444444444,False,2024Q4
636784,Basecamp Analytics Collective,Financial Services,United States,47,2023-08-11 17:00:28,Growth,500688,19,active,456.0,2023-08-11 17:00:28,,6.0,34.6,4.5,0.0,15,5500.31,12,11,0.7894736842105263,40.0,0.9166666666666666,False,2023Q3
315118,PipelineIO Holdings,Financial Services,Canada,196,2023-05-24 16:58:10,Business,500417,78,active,3432.0,2023-05-24 16:58:10,,3.0,26.63333333333333,4.666666666666667,0.0,47,52311.94,15,10,0.6025641025641025,6.382978723404255,0.6666666666666666,False,2023Q2
258458,Xenon Analytics Labs 1,Logistics,Brazil,558,2023-01-01 13:22:10,Business,500949,69,active,3036.0,2023-01-01 13:22:10,,2.0,19.8,5.0,1.0,55,29745.99,10,9,0.7971014492753623,3.6363636363636362,0.9,False,2023Q1
757684,NodeSync Systems 1,Financial Services,Netherlands,8,2025-04-29 07:49:22,Starter,500622,6,active,72.0,2025-04-29 07:49:22,,4.0,36.075,3.75,0.0,4,1157.33,16,15,0.6666666666666666,100.0,0.9375,False,2025Q2
675863,NodeSync Group 1,Education,France,52,2024-10-19 12:25:14,Growth,500359,19,active,456.0,2024-10-19 12:25:14,,5.0,43.9,4.0,0.0,12,5689.35,12,10,0.631578947368421,41.66666666666667,0.8333333333333334,False,2024Q4
412468,Catalyst CRM Systems 1,Manufacturing,Canada,8,2023-01-23 09:50:53,Starter,500950,4,active,48.0,2023-01-23 09:50:53,,3.0,9.4,4.666666666666667,0.0,3,520.17,11,8,0.75,100.0,0.7272727272727273,False,2023Q1
280961,NodeSync Technologies 1,Software,Brazil,32,2023-03-26 14:50:38,Growth,500017,12,active,288.0,2023-03-26 14:50:38,,3.0,31.0,3.5,1.0,9,2695.89,9,8,0.75,33.33333333333333,0.8888888888888888,False,2023Q1
435261,FlowState Collective,Retail,France,52,2023-04-07 14:11:47,Growth,500441,42,active,1008.0,2023-04-07 14:11:47,,4.0,49.06666666666666,3.3333333333333335,1.0,33,14775.34,15,13,0.7857142857142857,12.121212121212121,0.8666666666666667,False,2023Q2
607403,Unified Ops Collective,Healthcare,Japan,65,2025-05-27 13:04:05,Growth,500551,24,active,576.0,2025-05-27 13:04:05,,6.0,36.016666666666666,4.5,0.0,18,5726.64,10,10,0.75,33.33333333333333,1.0,False,2025Q2
363319,LaunchPad HQ Solutions,Manufacturing,India,10,2023-04-09 13:04:24,Starter,500951,3,active,36.0,2023-04-09 13:04:24,,2.0,33.65,4.0,0.0,2,361.77,10,9,0.6666666666666666,100.0,0.9,False,2023Q2
553898,Amplitude Corp Labs 1,Software,United States,8,2023-09-20 09:14:17,Starter,500340,8,active,96.0,2023-09-20 09:14:17,,3.0,55.79999999999999,4.0,0.0,6,754.29,8,7,0.75,50.0,0.875,False,2023Q3
629593,PipelineIO Collective,Retail,United Kingdom,301,2025-06-05 06:37:27,Business,500116,58,active,2552.0,2025-06-05 06:37:27,,3.0,21.600000000000005,3.0,0.0,55,45948.19,18,17,0.9482758620689655,5.454545454545454,0.9444444444444444,False,2025Q2
858507,Catalyst CRM Group 1,Software,Netherlands,81,2023-06-17 20:42:21,Business,500111,56,active,2464.0,2023-06-17 20:42:21,,2.0,17.85,4.5,0.0,38,19627.59,8,6,0.6785714285714286,5.263157894736842,0.75,False,2023Q2
704441,HorizonSaaS Collective,Software,Australia,31,2025-08-18 18:40:43,Growth,500751,31,active,744.0,2025-08-18 18:40:43,,7.0,47.76666666666666,3.6666666666666665,1.0,24,10557.369999999999,14,12,0.7741935483870968,29.166666666666668,0.8571428571428571,False,2025Q3
124671,Unified Ops Works,Retail,Japan,64,2023-02-18 12:29:32,Growth,500952,18,active,432.0,2023-02-18 12:29:32,,2.0,36.2,4.5,0.0,12,6774.53,16,15,0.6666666666666666,16.666666666666664,0.9375,False,2023Q1
684083,DataBridge Pro Industries,Retail,United Kingdom,4,2025-06-25 13:39:50,Starter,500704,4,past_due,48.0,2025-06-25 13:39:50,,4.0,59.833333333333336,3.3333333333333335,1.0,3,615.46,13,13,0.75,133.33333333333331,1.0,False,2025Q2
870271,Gradient Labs Systems 1,Financial Services,France,18,2023-02-24 11:40:17,Starter,500223,5,active,60.0,2023-02-24 11:40:17,,6.0,35.93333333333334,4.333333333333333,0.0,4,654.36,11,8,0.8,150.0,0.7272727272727273,False,2023Q1
520785,EdgeFlow Technologies Analytics,Manufacturing,Germany,14,2023-05-11 15:17:54,Starter,500953,3,active,36.0,2023-05-11 15:17:54,,4.0,49.133333333333326,5.0,1.0,3,289.37,8,8,1.0,133.33333333333331,1.0,False,2023Q2
581789,Unified Ops Labs 1,Education,Netherlands,11,2024-12-17 18:08:20,Starter,500381,11,active,132.0,2024-12-17 18:08:20,,2.0,45.45,3.5,0.0,7,1082.79,8,5,0.6363636363636364,28.57142857142857,0.625,False,2024Q4
700790,FlowState Works,Software,United Kingdom,46,2023-01-29 19:16:44,Starter,500954,4,active,48.0,2023-01-29 19:16:44,,4.0,46.775,4.0,0.0,4,859.27,18,14,1.0,100.0,0.7777777777777778,False,2023Q1
890103,Xenon Analytics Systems 1,Education,Canada,8,2023-07-12 11:16:24,Starter,500955,8,active,96.0,2023-07-12 11:16:24,,5.0,13.419999999999998,4.2,0.0,6,1380.15,14,11,0.75,83.33333333333334,0.7857142857142857,False,2023Q3
414766,FunnelSoft Solutions,Financial Services,Canada,14,2024-03-31 06:35:59,Starter,500101,5,active,60.0,2024-03-31 06:35:59,,5.0,14.040000000000001,4.2,0.0,4,925.01,16,14,0.8,125.0,0.875,False,2024Q1
823165,VaultStream Holdings,Software,France,17,2025-03-08 09:33:55,Starter,500299,6,past_due,72.0,2025-03-08 09:33:55,,6.0,34.25,4.25,2.0,5,585.75,8,7,0.8333333333333334,120.0,0.875,False,2025Q1
284686,HubStack Technologies 1,Financial Services,India,14,2023-07-30 10:00:16,Starter,500956,4,active,48.0,2023-07-30 10:00:16,,4.0,41.825,3.0,0.0,3,438.68,9,9,0.75,133.33333333333331,1.0,False,2023Q3
739777,Gradient Labs Group 1,Software,Netherlands,339,2023-01-30 09:41:54,Business,500957,29,active,1276.0,2023-01-30 09:41:54,,0.0,,,0.0,28,15244.48,12,11,0.9655172413793104,0.0,0.9166666666666666,False,2023Q1
772806,PipelineIO Works,Logistics,Netherlands,8,2023-05-17 19:05:07,Starter,500958,7,active,84.0,2023-05-17 19:05:07,,3.0,29.766666666666666,4.0,0.0,7,915.48,11,10,1.0,42.857142857142854,0.9090909090909091,False,2023Q2
377997,JetMetrics Networks,Manufacturing,Japan,31,2024-12-19 15:01:00,Growth,500131,12,active,288.0,2024-12-19 15:01:00,,3.0,18.2,3.0,2.0,8,2604.0099999999998,9,8,0.6666666666666666,37.5,0.8888888888888888,False,2024Q4
115359,JetMetrics Software,Financial Services,Netherlands,23,2023-06-21 10:57:18,Starter,500453,3,active,36.0,2023-06-21 10:57:18,,7.0,29.771428571428572,4.285714285714286,0.0,3,420.35,12,11,1.0,233.33333333333334,0.9166666666666666,False,2023Q2
252079,Gradient Labs Technologies 1,Software,Canada,6,2024-11-11 10:13:02,Starter,500959,6,active,72.0,2024-11-11 10:13:02,,4.0,39.5,3.75,0.0,6,882.89,12,11,1.0,66.66666666666666,0.9166666666666666,False,2024Q4
269785,GridLogic Software,Logistics,Australia,84,2024-07-20 14:15:14,Growth,500022,28,active,672.0,2024-07-20 14:15:14,,4.0,33.199999999999996,4.0,0.0,25,5391.39,8,8,0.8928571428571429,16.0,1.0,False,2024Q3
313943,Xenon Analytics Group 1,Software,France,84,2025-04-21 15:15:16,Growth,500960,41,active,984.0,2025-04-21 15:15:16,,3.0,26.35,4.5,1.0,32,18722.16,19,18,0.7804878048780488,9.375,0.9473684210526315,False,2025Q2
691462,Momentum Tools Partners,Software,Japan,16,2024-03-22 18:02:46,Starter,500449,10,active,120.0,2024-03-22 18:02:46,,5.0,50.7,3.75,1.0,6,2048.08,17,17,0.6,83.33333333333334,1.0,False,2024Q1
298048,Relay Systems Software,Financial Services,Brazil,17,2024-04-04 07:19:17,Starter,500478,5,active,60.0,2024-04-04 07:19:17,,5.0,52.32000000000001,4.4,0.0,5,951.05,16,15,1.0,100.0,0.9375,False,2024Q2
368540,WorksiteOS Collective,Financial Services,Canada,9,2023-08-19 16:23:30,Starter,500961,6,active,72.0,2023-08-19 16:23:30,,9.0,35.833333333333336,3.5,3.0,4,1349.24,19,18,0.6666666666666666,225.0,0.9473684210526315,False,2023Q3
696918,ZeroFriction Technologies 1,Financial Services,Netherlands,46,2023-02-07 13:41:45,Growth,500962,13,active,312.0,2023-02-07 13:41:45,,6.0,35.13333333333333,4.0,0.0,10,4970.83,16,14,0.7692307692307693,60.0,0.875,False,2023Q1
667992,Relay Systems Industries,Software,Japan,285,2025-09-02 12:17:11,Business,500963,109,active,4796.0,2025-09-02 12:17:11,,8.0,37.114285714285714,4.142857142857143,1.0,80,72966.45,15,14,0.7339449541284404,10.0,0.9333333333333333,False,2025Q3
228567,GridLogic Industries,Education,United States,35,2024-07-26 09:14:06,Growth,500431,27,churned,648.0,2024-07-26 09:14:06,2025-07-02 09:14:06,5.0,50.260000000000005,3.4,0.0,27,5337.12,8,8,1.0,18.51851851851852,1.0,True,2024Q3
144659,Inline Systems Holdings,Education,United States,116,2024-09-24 00:46:56,Growth,500461,22,active,528.0,2024-09-24 00:46:56,,3.0,29.8,3.6666666666666665,0.0,12,7511.77,14,12,0.5454545454545454,25.0,0.8571428571428571,False,2024Q3
670699,Axiom Labs Networks,Logistics,Canada,71,2024-05-08 07:11:18,Growth,500964,31,active,744.0,2024-05-08 07:11:18,,6.0,25.839999999999996,3.8,1.0,18,6525.59,9,7,0.5806451612903226,33.33333333333333,0.7777777777777778,False,2024Q2
498799,GridLogic Holdings,Software,Brazil,52,2024-10-11 22:11:43,Growth,500965,18,active,432.0,2024-10-11 22:11:43,,0.0,,,0.0,14,4669.75,11,10,0.7777777777777778,0.0,0.9090909090909091,False,2024Q4
685200,Gradient Labs Digital 1,Healthcare,Germany,94,2025-03-16 14:36:11,Growth,500454,20,active,480.0,2025-03-16 14:36:11,,4.0,22.425,4.25,0.0,13,5278.44,11,10,0.65,30.76923076923077,0.9090909090909091,False,2025Q1
540115,JetMetrics Industries,Software,Netherlands,37,2023-05-23 15:15:31,Growth,500570,37,active,888.0,2023-05-23 15:15:31,,3.0,41.76666666666667,4.333333333333333,0.0,23,16938.52,19,18,0.6216216216216216,13.043478260869565,0.9473684210526315,False,2023Q2
301735,NodeSync Digital 1,Manufacturing,Canada,3,2024-08-15 00:33:55,Starter,500966,3,active,36.0,2024-08-15 00:33:55,,0.0,,,0.0,2,286.4,8,7,0.6666666666666666,0.0,0.875,False,2024Q3
899547,CloudPeak Systems Software,Manufacturing,Netherlands,79,2024-07-01 22:41:47,Growth,500967,13,active,312.0,2024-07-01 22:41:47,,5.0,27.48,4.8,0.0,11,3161.0499999999997,10,9,0.8461538461538461,45.45454545454545,0.9,False,2024Q3
170417,StackBase Works,Financial Services,Netherlands,52,2025-04-08 20:59:01,Growth,500694,37,active,888.0,2025-04-08 20:59:01,,7.0,41.15714285714286,4.142857142857143,0.0,29,15014.08,17,15,0.7837837837837838,24.137931034482758,0.8823529411764706,False,2025Q2
550912,HubStack Digital 1,Education,Germany,7,2023-09-08 15:53:53,Starter,500406,5,active,60.0,2023-09-08 15:53:53,,6.0,53.85,4.0,2.0,3,666.79,11,11,0.6,200.0,1.0,False,2023Q3
774503,FunnelSoft Networks,Retail,Germany,5,2025-05-29 00:55:29,Starter,500037,5,active,60.0,2025-05-29 00:55:29,,5.0,34.88,3.6,0.0,3,1012.4,17,14,0.6,166.66666666666669,0.8235294117647058,False,2025Q2
110840,Envoy Platforms Digital,Manufacturing,United Kingdom,205,2024-01-25 11:07:52,Business,500167,64,active,2816.0,2024-01-25 11:07:52,,3.0,21.033333333333335,4.333333333333333,0.0,49,25136.85,9,8,0.765625,6.122448979591836,0.8888888888888888,False,2024Q1
105131,PipelineIO Labs 1,Financial Services,France,10,2023-04-20 11:04:44,Starter,500968,3,active,36.0,2023-04-20 11:04:44,,4.0,40.7,4.25,0.0,2,507.61,14,13,0.6666666666666666,200.0,0.9285714285714286,False,2023Q2
228280,Keystroke AI Systems 1,Education,Canada,115,2025-02-26 15:13:27,Growth,500969,25,active,600.0,2025-02-26 15:13:27,,8.0,62.699999999999996,3.875,0.0,22,10638.16,18,17,0.88,36.36363636363637,0.9444444444444444,False,2025Q1
870519,Inline Systems Collective,Logistics,India,7,2024-06-11 06:28:35,Starter,500568,2,active,24.0,2024-06-11 06:28:35,,3.0,58.0,2.6666666666666665,0.0,2,234.51,10,8,1.0,150.0,0.8,False,2024Q2
888943,CloudPeak Systems Industries,Healthcare,United States,12,2025-05-07 07:19:40,Starter,500439,3,churned,36.0,2025-05-07 07:19:40,2025-09-28 07:19:40,9.0,51.128571428571426,3.5714285714285716,2.0,3,508.0,14,14,1.0,300.0,1.0,True,2025Q2
498584,Basecamp Analytics Works,Software,Germany,11,2024-12-22 10:16:48,Starter,500513,6,active,72.0,2024-12-22 10:16:48,,1.0,3.0,2.0,0.0,4,1256.52,17,14,0.6666666666666666,25.0,0.8235294117647058,False,2024Q4
665974,GridLogic Collective,Software,India,7,2024-02-03 07:27:50,Starter,500970,3,active,36.0,2024-02-03 07:27:50,,2.0,71.8,4.0,1.0,2,391.45,11,10,0.6666666666666666,100.0,0.9090909090909091,False,2024Q1
491474,ZeroFriction Digital 1,Healthcare,Australia,65,2025-05-02 09:29:56,Business,500058,61,active,2684.0,2025-05-02 09:29:56,,7.0,44.971428571428575,4.428571428571429,0.0,48,42234.64,16,16,0.7868852459016393,14.583333333333334,1.0,False,2025Q2
866791,LaunchPad HQ Networks,Logistics,Australia,3,2024-02-03 10:57:32,Starter,500252,3,active,36.0,2024-02-03 10:57:32,,2.0,66.5,4.0,0.0,2,578.89,16,15,0.6666666666666666,100.0,0.9375,False,2024Q1
540635,PipelineIO Systems 1,Software,Australia,36,2023-02-04 18:20:51,Growth,500352,7,churned,168.0,2023-02-04 18:20:51,2023-08-17 18:20:51,4.0,50.55,5.0,0.0,6,2232.87,13,11,0.8571428571428571,66.66666666666666,0.8461538461538461,True,2023Q1
830784,Unified Ops Systems 1,Healthcare,Netherlands,41,2024-09-28 15:50:43,Growth,500149,22,past_due,528.0,2024-09-28 15:50:43,,2.0,69.4,4.5,0.0,19,7485.35,14,14,0.8636363636363636,10.526315789473683,1.0,False,2024Q3
417940,Relay Systems Holdings,Software,Brazil,8,2025-05-14 14:51:50,Starter,500971,6,active,72.0,2025-05-14 14:51:50,,8.0,35.2,4.571428571428571,1.0,4,866.78,12,12,0.6666666666666666,200.0,1.0,False,2025Q2
780194,YieldMetrics Analytics,Retail,United States,565,2025-01-14 12:19:45,Business,500972,32,active,1408.0,2025-01-14 12:19:45,,4.0,7.75,3.0,0.0,26,14133.04,10,10,0.8125,15.384615384615385,1.0,False,2025Q1
294902,JetMetrics Holdings,Education,United States,54,2025-02-23 07:53:44,Growth,500973,28,active,672.0,2025-02-23 07:53:44,,0.0,,,0.0,21,4007.5,6,6,0.75,0.0,1.0,False,2025Q1
999282,Gradient Labs Partners 1,Healthcare,France,19,2025-07-04 14:18:45,Starter,500579,3,active,36.0,2025-07-04 14:18:45,,4.0,48.0,4.0,0.0,3,437.9,12,12,1.0,133.33333333333331,1.0,False,2025Q3
378343,Relay Systems Collective,Software,France,38,2024-07-23 16:07:30,Growth,500051,23,active,552.0,2024-07-23 16:07:30,,6.0,36.03333333333333,3.8333333333333335,0.0,18,7444.45,13,12,0.782608695652174,33.33333333333333,0.9230769230769231,False,2024Q3
883487,CloudPeak Systems Holdings,Software,Brazil,23,2024-07-20 11:13:17,Starter,500741,7,active,84.0,2024-07-20 11:13:17,,4.0,53.325,4.25,0.0,4,998.82,12,11,0.5714285714285714,100.0,0.9166666666666666,False,2024Q3
558918,MeshWorks Analytics,Logistics,India,106,2024-02-05 09:53:10,Growth,500974,35,active,840.0,2024-02-05 09:53:10,,4.0,36.824999999999996,4.0,0.0,33,12903.08,15,15,0.9428571428571428,12.121212121212121,1.0,False,2024Q1
591895,GridLogic Works,Healthcare,United Kingdom,10,2024-08-03 16:17:34,Starter,500295,9,active,108.0,2024-08-03 16:17:34,,3.0,34.73333333333333,3.6666666666666665,0.0,7,871.03,8,7,0.7777777777777778,42.857142857142854,0.875,False,2024Q3
282217,Basecamp Analytics Labs 1,Manufacturing,Canada,221,2024-02-16 15:35:26,Business,500975,132,active,5808.0,2024-02-16 15:35:26,,4.0,20.15,4.0,0.0,105,102684.53,18,15,0.7954545454545454,3.8095238095238098,0.8333333333333334,False,2024Q1
318147,Envoy Platforms Partners,Financial Services,Netherlands,3,2025-01-17 09:36:57,Starter,500976,3,active,36.0,2025-01-17 09:36:57,,6.0,45.63333333333333,4.0,0.0,2,238.38,7,7,0.6666666666666666,300.0,1.0,False,2025Q1
839782,DataBridge Pro Holdings,Software,Netherlands,462,2025-03-06 17:56:00,Business,500682,41,churned,1804.0,2025-03-06 17:56:00,2025-05-19 17:56:00,9.0,31.9,3.375,1.0,40,23402.77,13,11,0.975609756097561,22.5,0.8461538461538461,True,2025Q1
941144,FlowState Labs 1,Software,Japan,26,2024-05-04 17:02:30,Growth,500594,11,active,264.0,2024-05-04 17:02:30,,2.0,108.5,3.0,1.0,9,3071.23,12,11,0.8181818181818182,22.22222222222222,0.9166666666666666,False,2024Q2
113224,Xenon Analytics Technologies 1,Healthcare,Japan,97,2023-10-28 18:39:13,Business,500574,63,active,2772.0,2023-10-28 18:39:13,,2.0,60.25,5.0,0.0,54,21726.91,8,7,0.8571428571428571,3.7037037037037033,0.875,False,2023Q4
102220,Unified Ops Group 1,Logistics,India,39,2025-05-06 09:24:35,Growth,500142,12,active,288.0,2025-05-06 09:24:35,,5.0,50.64,4.4,0.0,9,4363.64,15,13,0.75,55.55555555555556,0.8666666666666667,False,2025Q2
211058,Envoy Platforms Analytics,Retail,Brazil,31,2023-05-27 13:53:18,Growth,500977,21,active,504.0,2023-05-27 13:53:18,,4.0,68.85,3.75,0.0,19,5928.01,12,12,0.9047619047619048,21.052631578947366,1.0,False,2023Q2
210309,Keystroke AI Group 1,Manufacturing,France,3,2023-12-15 08:11:37,Starter,500978,3,active,36.0,2023-12-15 08:11:37,,7.0,26.314285714285713,3.857142857142857,0.0,2,401.33,11,10,0.6666666666666666,350.0,0.9090909090909091,False,2023Q4
876549,Gradient Labs Analytics 1,Logistics,Netherlands,50,2023-03-21 23:55:11,Growth,500979,29,active,696.0,2023-03-21 23:55:11,,5.0,33.375,5.0,1.0,27,5723.19,8,8,0.9310344827586207,18.51851851851852,1.0,False,2023Q1
260951,LaunchPad HQ Software,Software,Canada,287,2023-09-27 09:43:47,Business,500980,69,active,3036.0,2023-09-27 09:43:47,,5.0,31.7,4.2,0.0,56,39350.49,13,11,0.8115942028985508,8.928571428571429,0.8461538461538461,False,2023Q3
810968,QueryForge Works,Financial Services,Brazil,13,2023-06-15 11:41:25,Growth,500085,13,churned,312.0,2023-06-15 11:41:25,2023-09-04 11:41:25,1.0,29.4,5.0,0.0,8,2197.54,7,6,0.6153846153846154,12.5,0.8571428571428571,True,2023Q2
794431,Lattice HQ Software,Financial Services,Germany,46,2024-08-05 10:14:44,Growth,500012,18,active,432.0,2024-08-05 10:14:44,,5.0,36.25,5.0,1.0,13,3917.88,9,5,0.7222222222222222,38.46153846153847,0.5555555555555556,False,2024Q3
818654,StackBase Labs 1,Software,United Kingdom,4,2024-09-12 15:33:45,Growth,500457,4,active,96.0,2024-09-12 15:33:45,,4.0,17.475,4.75,0.0,3,853.85,9,8,0.75,133.33333333333331,0.8888888888888888,False,2024Q3
480190,Beacon Software Systems 1,Manufacturing,France,3,2024-01-29 06:58:46,Starter,500429,3,trialing,36.0,2024-01-29 06:58:46,,5.0,26.080000000000002,4.0,0.0,2,611.76,17,15,0.6666666666666666,250.0,0.8823529411764706,False,2024Q1
269054,JetMetrics Collective,Manufacturing,Germany,7,2023-01-04 12:03:10,Starter,500014,7,churned,84.0,2023-01-04 12:03:10,2023-08-22 12:03:10,6.0,30.45,4.333333333333333,0.0,6,1250.9,15,14,0.8571428571428571,100.0,0.9333333333333333,True,2023Q1
243998,NexusOne Labs 1,Retail,Germany,3,2024-08-23 14:40:22,Starter,500221,3,churned,36.0,2024-08-23 14:40:22,2025-01-07 14:40:22,1.0,29.1,5.0,0.0,2,266.77,7,6,0.6666666666666666,50.0,0.8571428571428571,True,2024Q3
505397,DataBridge Pro Collective,Software,Canada,11,2024-07-25 08:26:33,Starter,500721,9,trialing,108.0,2024-07-25 08:26:33,,4.0,22.25,2.5,0.0,6,1291.38,12,9,0.6666666666666666,66.66666666666666,0.75,False,2024Q3
925203,YieldMetrics Solutions,Logistics,United Kingdom,3,2024-10-08 10:05:11,Starter,500981,3,active,36.0,2024-10-08 10:05:11,,6.0,51.36666666666667,4.166666666666667,0.0,3,429.64,12,12,1.0,200.0,1.0,False,2024Q4
218565,FunnelSoft Software,Logistics,United States,4,2023-11-12 16:16:07,Starter,500200,4,churned,48.0,2023-11-12 16:16:07,2024-10-28 16:16:07,7.0,35.15714285714286,4.428571428571429,0.0,4,687.31,14,12,1.0,175.0,0.8571428571428571,True,2023Q4
819946,Omnisend Works,Financial Services,Canada,10,2025-01-18 10:00:56,Starter,500754,10,active,120.0,2025-01-18 10:00:56,,4.0,13.525,3.5,0.0,7,1495.08,12,12,0.7,57.14285714285714,1.0,False,2025Q1
357563,Relay Systems Works,Healthcare,Japan,8,2024-02-25 09:41:21,Growth,500388,8,active,192.0,2024-02-25 09:41:21,,3.0,45.03333333333333,3.0,0.0,8,762.11,4,4,1.0,37.5,1.0,False,2024Q1
260885,Beacon Software Group 1,Education,Japan,18,2023-06-12 07:43:12,Starter,500982,3,active,36.0,2023-06-12 07:43:12,,4.0,58.425,4.25,0.0,3,429.03,12,11,1.0,133.33333333333331,0.9166666666666666,False,2023Q2
253647,Envoy Platforms Solutions,Manufacturing,France,8,2024-08-17 15:40:18,Starter,500575,5,active,60.0,2024-08-17 15:40:18,,2.0,73.55,4.5,0.0,5,786.75,13,13,1.0,40.0,1.0,False,2024Q3
512181,NodeSync Partners 1,Healthcare,Japan,45,2024-11-03 18:25:56,Growth,500678,21,active,504.0,2024-11-03 18:25:56,,10.0,45.660000000000004,3.1,0.0,15,1504.29,3,3,0.7142857142857143,66.66666666666666,1.0,False,2024Q4
149920,Inline Systems Works,Software,Germany,15,2024-04-20 10:16:38,Starter,500202,4,active,48.0,2024-04-20 10:16:38,,6.0,56.38333333333333,4.0,0.0,3,333.99,7,5,0.75,200.0,0.7142857142857143,False,2024Q2
479493,WorksiteOS Works,Healthcare,Japan,17,2023-01-21 10:30:18,Starter,500447,9,active,108.0,2023-01-21 10:30:18,,3.0,93.6,2.0,1.0,6,1275.55,12,11,0.6666666666666666,50.0,0.9166666666666666,False,2023Q1
680171,Momentum Tools Analytics,Education,Japan,23,2024-02-25 12:31:47,Starter,500983,6,active,72.0,2024-02-25 12:31:47,,8.0,28.025000000000002,4.375,0.0,3,573.5799999999999,8,5,0.5,266.66666666666663,0.625,False,2024Q1
143122,DataBridge Pro Works,Retail,France,24,2025-09-09 17:23:15,Starter,500026,3,active,36.0,2025-09-09 17:23:15,,3.0,63.76666666666666,4.666666666666667,0.0,2,596.2,17,14,0.6666666666666666,150.0,0.8235294117647058,False,2025Q3
211818,Catalyst CRM Technologies 1,Financial Services,India,87,2024-04-10 08:14:53,Growth,500763,40,active,960.0,2024-04-10 08:14:53,,5.0,36.5,3.6,0.0,32,13150.61,14,12,0.8,15.625,0.8571428571428571,False,2024Q2
347163,Relay Systems Labs 1,Software,United Kingdom,81,2024-09-06 09:19:30,Growth,500984,13,active,312.0,2024-09-06 09:19:30,,4.0,19.433333333333334,3.0,1.0,11,3039.14,10,7,0.8461538461538461,36.36363636363637,0.7,False,2024Q3
679023,HubStack Partners 1,Logistics,France,3,2024-06-25 16:50:00,Starter,500205,3,active,36.0,2024-06-25 16:50:00,,4.0,26.825,2.0,0.0,2,466.49,13,12,0.6666666666666666,200.0,0.9230769230769231,False,2024Q2
732615,Amplitude Corp Systems 1,Retail,Germany,17,2024-04-23 15:57:17,Starter,500717,4,active,48.0,2024-04-23 15:57:17,,3.0,29.666666666666668,5.0,0.0,3,870.35,18,14,0.75,100.0,0.7777777777777778,False,2024Q2
383348,Kinetic AI Holdings,Logistics,France,41,2025-08-11 08:02:18,Growth,500390,7,past_due,168.0,2025-08-11 08:02:18,,1.0,70.6,4.0,0.0,5,1171.41,7,6,0.7142857142857143,20.0,0.8571428571428571,False,2025Q3
713866,NexusOne Systems 1,Manufacturing,Japan,43,2024-05-07 19:19:10,Growth,500088,30,active,720.0,2024-05-07 19:19:10,,3.0,41.13333333333333,4.0,0.0,28,10758.47,15,15,0.9333333333333333,10.714285714285714,1.0,False,2024Q2
412093,Gradient Labs Solutions 1,Software,Japan,23,2023-09-29 17:45:40,Starter,500061,3,trialing,36.0,2023-09-29 17:45:40,,5.0,66.975,3.25,1.0,2,738.44,21,19,0.6666666666666666,250.0,0.9047619047619048,False,2023Q3
492564,Axiom Labs Software,Healthcare,France,71,2024-05-19 16:11:53,Growth,500577,16,active,384.0,2024-05-19 16:11:53,,4.0,28.633333333333336,3.3333333333333335,1.0,15,6019.32,16,15,0.9375,26.666666666666668,0.9375,False,2024Q2
205204,Keystroke AI Technologies 1,Financial Services,United Kingdom,13,2024-11-14 08:57:31,Starter,500265,11,active,132.0,2024-11-14 08:57:31,,2.0,42.900000000000006,2.5,0.0,10,1440.17,11,7,0.9090909090909091,20.0,0.6363636363636364,False,2024Q4
501273,Deployly Labs 1,Software,United Kingdom,13,2024-06-04 17:52:03,Starter,500080,5,trialing,60.0,2024-06-04 17:52:03,,4.0,26.625,3.75,0.0,4,1072.22,18,15,0.8,100.0,0.8333333333333334,False,2024Q2
893855,LaunchPad HQ Industries,Software,France,3,2024-07-27 14:08:32,Starter,500985,3,active,36.0,2024-07-27 14:08:32,,3.0,16.55,4.5,1.0,3,572.37,16,15,1.0,100.0,0.9375,False,2024Q3
772957,Xenon Analytics Digital 1,Retail,Canada,64,2024-03-21 08:05:47,Growth,500986,25,active,600.0,2024-03-21 08:05:47,,3.0,28.76666666666667,3.6666666666666665,0.0,17,10506.21,18,16,0.68,17.647058823529413,0.8888888888888888,False,2024Q1
424994,Axiom Labs Industries,Financial Services,Canada,499,2025-08-27 11:55:37,Business,500701,73,past_due,3212.0,2025-08-27 11:55:37,,7.0,60.333333333333336,3.0,1.0,45,42311.08,13,10,0.6164383561643836,15.555555555555555,0.7692307692307693,False,2025Q3
695658,WorksiteOS Labs 1,Software,Netherlands,104,2023-06-08 11:30:54,Growth,500987,9,active,216.0,2023-06-08 11:30:54,,3.0,18.0,4.333333333333333,0.0,9,3383.46,16,15,1.0,33.33333333333333,0.9375,False,2023Q2
596031,LaunchPad HQ Holdings,Healthcare,Australia,12,2024-03-01 23:05:21,Growth,500440,12,active,288.0,2024-03-01 23:05:21,,6.0,24.74,5.0,1.0,11,4067.09,14,12,0.9166666666666666,54.54545454545454,0.8571428571428571,False,2024Q1
669720,Relay Systems Systems 1,Education,Canada,315,2023-05-14 07:01:01,Business,500988,124,active,5456.0,2023-05-14 07:01:01,,6.0,41.3,4.8,1.0,116,108719.62,20,17,0.9354838709677419,5.172413793103448,0.85,False,2023Q2
784693,Xenon Analytics Partners 1,Healthcare,Netherlands,116,2023-01-28 07:43:35,Growth,500989,12,active,288.0,2023-01-28 07:43:35,,4.0,30.925,4.5,0.0,11,2589.76,9,7,0.9166666666666666,36.36363636363637,0.7777777777777778,False,2023Q1
782825,Axiom Labs Holdings,Manufacturing,Germany,159,2023-01-17 10:09:38,Business,500099,152,active,6688.0,2023-01-17 10:09:38,,9.0,66.65,4.125,1.0,117,71811.61,11,10,0.7697368421052632,7.6923076923076925,0.9090909090909091,False,2023Q1
519323,HubStack Analytics 1,Financial Services,Canada,7,2025-05-31 16:27:35,Starter,500526,3,active,36.0,2025-05-31 16:27:35,,3.0,14.5,3.6666666666666665,0.0,2,467.67,13,12,0.6666666666666666,150.0,0.9230769230769231,False,2025Q2
646333,GridLogic Labs 1,Education,United Kingdom,17,2023-01-25 14:37:21,Starter,500360,5,active,60.0,2023-01-25 14:37:21,,6.0,48.56666666666667,4.5,0.0,4,609.83,10,10,0.8,150.0,1.0,False,2023Q1
469600,Amplitude Corp Group 1,Education,Australia,28,2024-02-09 16:08:36,Growth,500990,28,active,672.0,2024-02-09 16:08:36,,3.0,9.2,4.5,1.0,19,7499.4,11,11,0.6785714285714286,15.789473684210526,1.0,False,2024Q1
262660,Keystroke AI Digital 1,Financial Services,Germany,34,2023-03-06 18:54:29,Growth,500991,8,active,192.0,2023-03-06 18:54:29,,5.0,34.64,4.6,0.0,6,1146.69,6,6,0.75,83.33333333333334,1.0,False,2023Q1
725268,GridLogic Systems 1,Software,Japan,53,2023-02-01 16:13:08,Growth,500992,11,active,264.0,2023-02-01 16:13:08,,4.0,21.133333333333333,3.0,1.0,10,3418.56,13,13,0.9090909090909091,40.0,1.0,False,2023Q1
561350,Junction Cloud Works,Software,India,34,2024-12-10 10:21:30,Growth,500993,22,active,528.0,2024-12-10 10:21:30,,4.0,31.433333333333334,4.666666666666667,1.0,18,6779.25,13,13,0.8181818181818182,22.22222222222222,1.0,False,2024Q4
381306,CloudPeak Systems Collective,Education,Canada,50,2025-07-01 08:34:40,Growth,500514,21,churned,504.0,2025-07-01 08:34:40,2025-09-18 08:34:40,2.0,23.1,5.0,0.0,12,6245.75,12,12,0.5714285714285714,16.666666666666664,1.0,True,2025Q3
131876,Gradient Labs Networks 1,Software,Netherlands,9,2023-04-08 09:36:12,Starter,500994,8,active,96.0,2023-04-08 09:36:12,,3.0,33.0,4.333333333333333,0.0,6,377.5,4,3,0.75,50.0,0.75,False,2023Q2
790364,JetMetrics Works,Financial Services,Japan,29,2025-07-18 13:55:03,Growth,500477,8,trialing,192.0,2025-07-18 13:55:03,,4.0,66.525,4.75,0.0,8,2839.8,15,13,1.0,50.0,0.8666666666666667,False,2025Q3
735377,GridLogic Group 1,Manufacturing,Canada,7,2023-11-19 15:54:38,Starter,500459,2,past_due,24.0,2023-11-19 15:54:38,,6.0,38.725,5.0,2.0,1,240.11,10,9,0.5,600.0,0.9,False,2023Q4
120608,Envoy Platforms Networks,Financial Services,Canada,8,2024-08-08 09:18:41,Starter,500505,4,active,48.0,2024-08-08 09:18:41,,3.0,30.36666666666667,3.6666666666666665,0.0,3,340.43,7,6,0.75,100.0,0.8571428571428571,False,2024Q3
102347,JetMetrics Labs 1,Software,Brazil,26,2025-03-02 15:27:01,Growth,500995,26,active,624.0,2025-03-02 15:27:01,,8.0,37.3875,3.5,0.0,18,11019.89,18,16,0.6923076923076923,44.44444444444444,0.8888888888888888,False,2025Q1
769943,Deployly Systems 1,Software,Canada,34,2023-01-01 07:26:18,Starter,500996,7,active,84.0,2023-01-01 07:26:18,,4.0,67.125,4.75,0.0,6,923.69,11,8,0.8571428571428571,66.66666666666666,0.7272727272727273,False,2023Q1
380284,Beacon Software Technologies 1,Retail,Japan,139,2024-04-10 11:35:05,Business,500303,120,trialing,5280.0,2024-04-10 11:35:05,,11.0,37.089999999999996,4.2,1.0,90,36081.61,7,7,0.75,12.222222222222221,1.0,False,2024Q2
617749,Junction Cloud Labs 1,Software,Germany,16,2025-04-03 13:50:40,Starter,500997,7,active,84.0,2025-04-03 13:50:40,,7.0,47.88333333333333,3.0,1.0,4,1399.18,17,13,0.5714285714285714,175.0,0.7647058823529411,False,2025Q2
876324,PipelineIO Group 1,Financial Services,France,151,2024-05-09 14:55:35,Business,500115,44,trialing,1936.0,2024-05-09 14:55:35,,2.0,4.85,4.5,0.0,34,21565.36,11,10,0.7727272727272727,5.88235294117647,0.9090909090909091,False,2024Q2
116787,MeshWorks Solutions,Healthcare,United Kingdom,16,2025-08-16 15:36:51,Growth,500166,15,active,360.0,2025-08-16 15:36:51,,4.0,30.175,4.25,0.0,11,4595.21,13,12,0.7333333333333333,36.36363636363637,0.9230769230769231,False,2025Q3
995934,Amplitude Corp Technologies 1,Software,Canada,44,2025-05-18 13:02:36,Growth,500998,14,active,336.0,2025-05-18 13:02:36,,7.0,14.942857142857141,3.7142857142857144,0.0,8,3589.5299999999997,11,11,0.5714285714285714,87.5,1.0,False,2025Q2
865765,NexusOne Group 1,Software,Japan,20,2023-12-29 13:12:28,Starter,500353,10,active,120.0,2023-12-29 13:12:28,,2.0,24.5,4.5,0.0,6,1904.61,16,14,0.6,33.33333333333333,0.875,False,2023Q4
150144,Relay Systems Group 1,Education,United Kingdom,12,2024-05-14 16:52:50,Starter,500999,12,active,144.0,2024-05-14 16:52:50,,11.0,20.369999999999997,4.6,1.0,8,1301.1100000000001,9,9,0.6666666666666666,137.5,1.0,False,2024Q2
208743,Unified Ops Technologies 1,Retail,Australia,131,2024-05-18 07:51:45,Growth,500596,23,active,552.0,2024-05-18 07:51:45,,6.0,45.28333333333333,3.1666666666666665,0.0,17,4905.33,9,8,0.7391304347826086,35.294117647058826,0.8888888888888888,False,2024Q2
558269,Unified Ops Digital 1,Software,Germany,1505,2024-02-03 09:55:39,Enterprise,500161,190,churned,15010.0,2024-02-03 09:55:39,2025-11-29 09:55:39,3.0,30.5,4.0,0.0,137,252801.03,17,17,0.7210526315789474,2.18978102189781,1.0,True,2024Q1
133440,Beacon Software Digital 1,Software,Australia,7,2023-10-30 07:52:17,Starter,500264,7,churned,84.0,2023-10-30 07:52:17,2025-10-31 07:52:17,5.0,45.55,4.0,1.0,7,1292.45,15,12,1.0,71.42857142857143,0.8,True,2023Q4
331311,Deployly Group 1,Retail,United Kingdom,99,2024-05-15 11:56:23,Growth,501000,31,active,744.0,2024-05-15 11:56:23,,3.0,50.86666666666667,3.6666666666666665,0.0,31,9200.05,12,11,1.0,9.67741935483871,0.9166666666666666,False,2024Q2
176018,CloudPeak Systems Works,Financial Services,Brazil,29,2024-10-03 16:55:34,Growth,501001,29,active,696.0,2024-10-03 16:55:34,,1.0,17.8,4.0,0.0,24,9477.79,14,12,0.8275862068965517,4.166666666666666,0.8571428571428571,False,2024Q4
155872,QueryForge Labs 1,Financial Services,India,62,2025-06-17 15:56:51,Growth,501002,27,active,648.0,2025-06-17 15:56:51,,0.0,,,0.0,17,5746.74,9,9,0.6296296296296297,0.0,1.0,False,2025Q2
873654,GridLogic Technologies 1,Financial Services,United Kingdom,158,2025-08-01 15:47:20,Business,500607,86,active,3784.0,2025-08-01 15:47:20,,5.0,55.120000000000005,4.2,0.0,85,22512.89,6,5,0.9883720930232558,5.88235294117647,0.8333333333333334,False,2025Q3
654271,StackBase Systems 1,Retail,France,55,2023-04-12 20:23:13,Growth,501003,22,active,528.0,2023-04-12 20:23:13,,8.0,31.650000000000002,4.0,2.0,14,4340.64,8,8,0.6363636363636364,57.14285714285714,1.0,False,2023Q2
234922,StackBase Group 1,Software,Brazil,150,2025-09-25 09:05:29,Business,500237,69,active,3036.0,2025-09-25 09:05:29,,4.0,13.675,4.5,0.0,59,23924.53,8,8,0.855072463768116,6.779661016949152,1.0,False,2025Q3
656283,InfraPoint Technologies 1,Financial Services,Japan,83,2024-01-27 17:16:01,Growth,500004,35,active,840.0,2024-01-27 17:16:01,,6.0,22.48,4.2,1.0,22,7229.09,9,6,0.6285714285714286,27.27272727272727,0.6666666666666666,False,2024Q1
247003,VaultStream Collective,Financial Services,Brazil,28,2023-03-17 10:14:50,Growth,501004,28,active,672.0,2023-03-17 10:14:50,,8.0,49.48571428571428,3.857142857142857,1.0,22,7484.49,11,10,0.7857142857142857,36.36363636363637,0.9090909090909091,False,2023Q1
301353,FlowState Systems 1,Manufacturing,Japan,6,2024-05-23 09:48:28,Starter,500742,6,churned,72.0,2024-05-23 09:48:28,2024-08-02 09:48:28,3.0,52.166666666666664,4.666666666666667,0.0,5,793.26,11,10,0.8333333333333334,60.0,0.9090909090909091,True,2024Q2
216101,TriggerPoint Digital 1,Software,Brazil,15,2023-08-08 00:27:09,Starter,500059,2,active,24.0,2023-08-08 00:27:09,,7.0,44.300000000000004,4.166666666666667,1.0,2,194.23,8,6,1.0,350.0,0.75,False,2023Q3
809176,YieldMetrics Networks,Healthcare,Japan,35,2025-03-18 10:44:31,Growth,500539,27,active,648.0,2025-03-18 10:44:31,,3.0,41.650000000000006,3.5,1.0,20,10535.57,16,14,0.7407407407407407,15.0,0.875,False,2025Q1
465105,Gradient Labs Software 1,Retail,France,16,2024-08-01 11:50:42,Starter,500562,4,active,48.0,2024-08-01 11:50:42,,7.0,19.3,4.571428571428571,0.0,3,386.25,8,7,0.75,233.33333333333334,0.875,False,2024Q3
190126,Xenon Analytics Analytics 1,Manufacturing,Australia,13,2024-12-12 12:24:17,Starter,500133,5,active,60.0,2024-12-12 12:24:17,,7.0,36.916666666666664,3.1666666666666665,1.0,5,1008.35,17,14,1.0,140.0,0.8235294117647058,False,2024Q4
985162,CloudPeak Systems Labs 1,Manufacturing,France,14,2024-06-09 12:40:59,Starter,500558,11,churned,132.0,2024-06-09 12:40:59,2025-02-28 12:40:59,4.0,31.224999999999998,4.75,0.0,9,1250.2,9,8,0.8181818181818182,44.44444444444444,0.8888888888888888,True,2024Q2
280034,Keystroke AI Partners 1,Software,Netherlands,31,2025-02-15 09:55:48,Starter,501005,8,active,96.0,2025-02-15 09:55:48,,1.0,37.5,1.0,0.0,7,1160.37,12,11,0.875,14.285714285714285,0.9166666666666666,False,2025Q1
433844,Unified Ops Partners 1,Healthcare,Brazil,3,2024-07-14 08:54:20,Starter,500326,3,active,36.0,2024-07-14 08:54:20,,8.0,54.075,4.5,0.0,2,491.51,14,11,0.6666666666666666,400.0,0.7857142857142857,False,2024Q3
729870,CloudPeak Systems Systems 1,Logistics,Brazil,46,2025-05-27 15:39:49,Growth,501006,11,active,264.0,2025-05-27 15:39:49,,4.0,44.53333333333334,4.333333333333333,1.0,10,3150.8,12,12,0.9090909090909091,40.0,1.0,False,2025Q2
679825,Deployly Technologies 1,Retail,Germany,154,2023-10-18 08:36:11,Business,500117,73,active,3212.0,2023-10-18 08:36:11,,5.0,60.324999999999996,4.75,1.0,69,54098.45,17,16,0.9452054794520548,7.246376811594203,0.9411764705882353,False,2023Q4
862941,StackBase Technologies 1,Software,France,36,2025-01-17 14:33:44,Growth,501007,16,active,384.0,2025-01-17 14:33:44,,1.0,15.9,5.0,0.0,11,5496.55,14,14,0.6875,9.090909090909092,1.0,False,2025Q1
943223,Kinetic AI Collective,Software,Australia,102,2024-08-28 14:31:51,Growth,500030,17,active,408.0,2024-08-28 14:31:51,,4.0,59.53333333333333,4.666666666666667,1.0,14,5402.62,13,12,0.8235294117647058,28.57142857142857,0.9230769230769231,False,2024Q3
564779,Inline Systems Labs 1,Software,Netherlands,3,2025-04-09 21:02:20,Starter,501008,3,active,36.0,2025-04-09 21:02:20,,7.0,40.03333333333333,3.8333333333333335,1.0,2,290.82,8,7,0.6666666666666666,350.0,0.875,False,2025Q2
834134,Xenon Analytics Solutions 1,Education,India,20,2023-12-08 10:51:18,Starter,501009,3,active,36.0,2023-12-08 10:51:18,,2.0,5.9,4.0,1.0,2,257.17,7,6,0.6666666666666666,100.0,0.8571428571428571,False,2023Q4
358134,YieldMetrics Software,Software,Germany,392,2023-07-21 19:50:15,Business,500219,23,active,1012.0,2023-07-21 19:50:15,,4.0,39.425,4.0,0.0,22,15072.21,15,14,0.9565217391304348,18.181818181818183,0.9333333333333333,False,2023Q3
621013,Gradient Labs Industries 1,Manufacturing,India,3,2025-09-25 11:24:38,Starter,501010,3,active,36.0,2025-09-25 11:24:38,,3.0,40.733333333333334,4.666666666666667,0.0,3,460.38,13,10,1.0,100.0,0.7692307692307693,False,2025Q3
672009,NexusOne Technologies 1,Healthcare,Brazil,63,2023-01-27 05:51:27,Growth,500114,48,churned,1152.0,2023-01-27 05:51:27,2023-04-13 05:51:27,5.0,28.880000000000003,3.4,0.0,36,18352.85,16,14,0.75,13.88888888888889,0.875,True,2023Q1
148986,DataBridge Pro Labs 1,Healthcare,France,15,2024-11-23 14:40:06,Starter,500426,14,active,168.0,2024-11-23 14:40:06,,2.0,55.95,4.5,0.0,11,2532.88,15,15,0.7857142857142857,18.181818181818183,1.0,False,2024Q4
870377,NexusOne Digital 1,Software,United States,3,2023-05-23 16:49:18,Starter,500697,3,churned,36.0,2023-05-23 16:49:18,2025-04-15 16:49:18,1.0,5.5,5.0,0.0,2,545.13,15,15,0.6666666666666666,50.0,1.0,True,2023Q2
211956,Amplitude Corp Digital 1,Software,Netherlands,61,2023-05-24 04:02:22,Growth,500324,12,active,288.0,2023-05-24 04:02:22,,1.0,,,1.0,10,4696.49,16,16,0.8333333333333334,10.0,1.0,False,2023Q2
150235,VaultStream Works,Education,United Kingdom,10,2024-03-13 13:17:57,Starter,500023,4,active,48.0,2024-03-13 13:17:57,,4.0,42.875,4.0,0.0,3,550.67,12,11,0.75,133.33333333333331,0.9166666666666666,False,2024Q1
734042,Lattice HQ Industries,Software,Canada,5,2024-02-03 17:24:27,Starter,500541,5,active,60.0,2024-02-03 17:24:27,,2.0,29.099999999999998,4.5,0.0,5,1011.14,17,15,1.0,40.0,0.8823529411764706,False,2024Q1
189580,Lattice HQ Holdings,Healthcare,France,9,2024-08-18 09:11:21,Starter,501011,9,active,108.0,2024-08-18 09:11:21,,4.0,33.6,3.75,0.0,9,1296.72,12,11,1.0,44.44444444444444,0.9166666666666666,False,2024Q3
287710,Xenon Analytics Networks 1,Healthcare,United States,150,2024-05-11 13:18:05,Business,501012,89,active,3916.0,2024-05-11 13:18:05,,2.0,75.3,2.5,0.0,81,36003.52,9,9,0.9101123595505618,2.4691358024691357,1.0,False,2024Q2
621112,Deployly Digital 1,Financial Services,Brazil,141,2025-01-23 15:37:04,Business,501013,101,active,4444.0,2025-01-23 15:37:04,,4.0,30.099999999999998,4.666666666666667,1.0,83,45165.04,10,9,0.8217821782178217,4.819277108433735,0.9,False,2025Q1
317879,LaunchPad HQ Collective,Financial Services,Brazil,14,2023-01-07 16:14:18,Starter,500759,5,churned,60.0,2023-01-07 16:14:18,2024-12-09 16:14:18,3.0,63.70000000000001,4.0,0.0,4,737.4300000000001,12,11,0.8,75.0,0.9166666666666666,True,2023Q1
838808,DataBridge Pro Systems 1,Education,United States,40,2023-06-08 08:37:29,Growth,501014,32,active,768.0,2023-06-08 08:37:29,,5.0,55.4,3.25,1.0,18,9157.26,12,9,0.5625,27.77777777777778,0.75,False,2023Q2
326211,HubStack Solutions 1,Financial Services,Netherlands,77,2025-06-29 10:46:01,Growth,500713,30,active,720.0,2025-06-29 10:46:01,,2.0,11.100000000000001,5.0,0.0,17,7793.6,11,10,0.5666666666666667,11.76470588235294,0.9090909090909091,False,2025Q2
216530,DataBridge Pro Group 1,Manufacturing,Netherlands,7,2024-04-22 07:17:41,Starter,501015,7,active,84.0,2024-04-22 07:17:41,,8.0,65.55,4.125,0.0,6,979.52,12,11,0.8571428571428571,133.33333333333331,0.9166666666666666,False,2024Q2
603842,JetMetrics Systems 1,Software,Australia,6,2024-02-06 06:38:05,Starter,500119,6,churned,72.0,2024-02-06 06:38:05,2025-01-08 06:38:05,3.0,31.233333333333334,5.0,0.0,5,635.3,9,7,0.8333333333333334,60.0,0.7777777777777778,True,2024Q1
782122,Catalyst CRM Digital 1,Logistics,France,3,2023-10-08 15:06:16,Starter,500485,3,active,36.0,2023-10-08 15:06:16,,6.0,18.400000000000002,4.333333333333333,0.0,2,461.18,13,13,0.6666666666666666,300.0,1.0,False,2023Q4
751207,Amplitude Corp Partners 1,Software,Australia,4,2025-04-06 10:21:08,Starter,500653,4,active,48.0,2025-04-06 10:21:08,,2.0,86.5,4.0,0.0,3,571.18,12,11,0.75,66.66666666666666,0.9166666666666666,False,2025Q2
441926,TriggerPoint Partners 1,Financial Services,Germany,5,2024-05-17 17:29:02,Starter,500173,5,past_due,60.0,2024-05-17 17:29:02,,8.0,37.64,4.4,3.0,3,660.49,11,8,0.6,266.66666666666663,0.7272727272727273,False,2024Q2
301920,CloudPeak Systems Group 1,Software,France,6,2023-11-22 14:10:22,Starter,500076,3,active,36.0,2023-11-22 14:10:22,,6.0,42.5,4.4,1.0,3,251.98,7,6,1.0,200.0,0.8571428571428571,False,2023Q4
540233,Xenon Analytics Software 1,Software,India,20,2023-07-04 16:57:14,Starter,500235,2,active,24.0,2023-07-04 16:57:14,,5.0,40.625,4.5,1.0,2,314.71,13,13,1.0,250.0,1.0,False,2023Q3
553479,PipelineIO Technologies 1,Manufacturing,United States,76,2025-01-28 04:52:51,Business,500729,71,trialing,3124.0,2025-01-28 04:52:51,,4.0,53.6,2.5,0.0,40,31694.45,10,8,0.5633802816901409,10.0,0.8,False,2025Q1
113010,Kinetic AI Works,Software,Brazil,8,2024-01-08 23:37:53,Starter,500310,5,active,60.0,2024-01-08 23:37:53,,4.0,21.133333333333333,4.0,1.0,5,515.97,9,8,1.0,80.0,0.8888888888888888,False,2024Q1
805099,Catalyst CRM Partners 1,Healthcare,Canada,3,2024-11-23 19:04:52,Starter,500535,3,active,36.0,2024-11-23 19:04:52,,8.0,37.824999999999996,3.875,0.0,2,471.41,13,11,0.6666666666666666,400.0,0.8461538461538461,False,2024Q4
819790,HorizonSaaS Works,Software,Germany,28,2025-01-21 09:18:23,Growth,500319,27,active,648.0,2025-01-21 09:18:23,,8.0,39.2625,3.375,0.0,18,5833.98,9,9,0.6666666666666666,44.44444444444444,1.0,False,2025Q1
141134,Kinetic AI Labs 1,Manufacturing,Australia,6,2023-03-17 16:50:59,Starter,500078,6,active,72.0,2023-03-17 16:50:59,,4.0,26.95,4.75,0.0,6,1078.84,15,13,1.0,66.66666666666666,0.8666666666666667,False,2023Q1
714944,Lattice HQ Collective,Education,Germany,31,2023-07-01 16:59:29,Growth,501016,31,active,744.0,2023-07-01 16:59:29,,5.0,46.28,4.4,0.0,20,11234.35,15,13,0.6451612903225806,25.0,0.8666666666666667,False,2023Q3
171014,Basecamp Analytics Systems 1,Logistics,Australia,20,2025-02-04 06:52:38,Starter,500222,3,active,36.0,2025-02-04 06:52:38,,1.0,62.9,5.0,0.0,2,356.56,10,8,0.6666666666666666,50.0,0.8,False,2025Q1
468400,Kinetic AI Systems 1,Software,United Kingdom,131,2023-12-06 07:30:21,Business,500546,110,past_due,4840.0,2023-12-06 07:30:21,,3.0,21.5,3.0,0.0,67,92544.35,19,16,0.6090909090909091,4.477611940298507,0.8421052631578947,False,2023Q4
460814,YieldMetrics Industries,Software,Australia,3,2023-05-09 13:46:34,Starter,501017,3,active,36.0,2023-05-09 13:46:34,,5.0,42.475,4.25,1.0,3,209.85,6,6,1.0,166.66666666666669,1.0,False,2023Q2
393542,VaultStream Labs 1,Software,France,16,2023-10-07 08:38:47,Starter,500674,3,active,36.0,2023-10-07 08:38:47,,4.0,65.8,4.25,0.0,3,329.40999999999997,9,8,1.0,133.33333333333331,0.8888888888888888,False,2023Q4
704625,WorksiteOS Systems 1,Financial Services,Germany,47,2024-10-05 15:18:45,Growth,501018,25,active,600.0,2024-10-05 15:18:45,,11.0,60.510000000000005,4.0,1.0,20,7361.49,12,10,0.8,55.00000000000001,0.8333333333333334,False,2024Q4
740262,GridLogic Digital 1,Software,Brazil,17,2024-11-23 09:35:23,Starter,500063,5,past_due,60.0,2024-11-23 09:35:23,,5.0,22.02,4.2,0.0,3,1015.01,17,15,0.6,166.66666666666669,0.8823529411764706,False,2024Q4
430826,StackBase Digital 1,Manufacturing,Brazil,443,2025-09-08 07:43:42,Business,500169,102,active,4488.0,2025-09-08 07:43:42,,4.0,20.8,4.0,1.0,58,78948.67,18,17,0.5686274509803921,6.896551724137931,0.9444444444444444,False,2025Q3
800274,DataBridge Pro Technologies 1,Healthcare,India,84,2024-04-08 20:22:12,Growth,500438,26,active,624.0,2024-04-08 20:22:12,,3.0,47.03333333333333,4.0,0.0,24,6899.49,11,10,0.9230769230769231,12.5,0.9090909090909091,False,2024Q2
163603,Omnisend Labs 1,Healthcare,Netherlands,5,2024-09-08 13:00:33,Starter,500737,3,active,36.0,2024-09-08 13:00:33,,6.0,19.599999999999998,3.1666666666666665,0.0,2,396.11,11,11,0.6666666666666666,300.0,1.0,False,2024Q3
742562,Junction Cloud Systems 1,Logistics,Japan,462,2025-03-25 15:43:50,Business,500739,43,active,1892.0,2025-03-25 15:43:50,,4.0,19.475,4.75,0.0,25,24004.45,13,12,0.5813953488372093,16.0,0.9230769230769231,False,2025Q1
526700,TriggerPoint Analytics 1,Education,Brazil,13,2023-11-12 07:27:48,Starter,500736,5,active,60.0,2023-11-12 07:27:48,,7.0,27.150000000000002,4.666666666666667,1.0,4,717.37,12,11,0.8,175.0,0.9166666666666666,False,2023Q4
989157,HorizonSaaS Labs 1,Logistics,Canada,13,2024-04-16 10:33:37,Starter,500634,8,active,96.0,2024-04-16 10:33:37,,8.0,55.31428571428571,4.142857142857143,1.0,5,1645.77,17,15,0.625,160.0,0.8823529411764706,False,2024Q2
895559,QueryForge Systems 1,Software,United States,44,2025-02-25 08:52:00,Growth,501019,30,active,720.0,2025-02-25 08:52:00,,6.0,29.649999999999995,3.8333333333333335,0.0,25,10007.42,14,12,0.8333333333333334,24.0,0.8571428571428571,False,2025Q1
249442,Lattice HQ Works,Education,Netherlands,257,2024-12-25 21:25:06,Business,500418,80,active,3520.0,2024-12-25 21:25:06,,4.0,56.375,4.25,0.0,71,43443.74,12,10,0.8875,5.633802816901409,0.8333333333333334,False,2024Q4
406745,Keystroke AI Analytics 1,Logistics,Netherlands,13,2023-04-04 08:47:37,Starter,500600,4,trialing,48.0,2023-04-04 08:47:37,,2.0,16.75,5.0,0.0,2,367.03,8,8,0.5,100.0,1.0,False,2023Q2
789095,Momentum Tools Solutions,Healthcare,Germany,14,2023-02-15 20:50:10,Starter,500707,6,churned,72.0,2023-02-15 20:50:10,2024-02-12 20:50:10,5.0,26.580000000000002,4.4,0.0,3,1203.09,17,16,0.5,166.66666666666669,0.9411764705882353,True,2023Q1
288798,Omnisend Systems 1,Healthcare,United States,16,2024-06-21 09:11:36,Starter,500341,6,active,72.0,2024-06-21 09:11:36,,7.0,37.5,3.5714285714285716,0.0,4,440.2,6,6,0.6666666666666666,175.0,1.0,False,2024Q2
504637,InfraPoint Digital 1,Software,United States,6,2024-04-06 07:50:07,Starter,500407,4,active,48.0,2024-04-06 07:50:07,,4.0,39.46666666666666,3.6666666666666665,1.0,2,484.62,10,10,0.5,200.0,1.0,False,2024Q2
863793,Catalyst CRM Analytics 1,Retail,Canada,15,2024-01-12 12:04:13,Starter,500383,8,past_due,96.0,2024-01-12 12:04:13,,2.0,18.6,4.5,0.0,8,1767.04,19,16,1.0,25.0,0.8421052631578947,False,2024Q1
366471,Beacon Software Partners 1,Healthcare,Canada,26,2025-03-30 17:35:03,Growth,500491,21,active,504.0,2025-03-30 17:35:03,,4.0,44.75,5.0,2.0,16,3017.83,6,4,0.7619047619047619,25.0,0.6666666666666666,False,2025Q1
252591,Catalyst CRM Solutions 1,Financial Services,France,22,2025-04-09 06:00:05,Growth,500503,17,active,408.0,2025-04-09 06:00:05,,5.0,48.46,2.8,0.0,12,6273.41,15,15,0.7058823529411765,41.66666666666667,1.0,False,2025Q2
705149,Kinetic AI Group 1,Healthcare,Australia,19,2023-04-11 10:12:56,Starter,500463,8,churned,96.0,2023-04-11 10:12:56,2024-04-23 10:12:56,6.0,48.71666666666667,3.8333333333333335,0.0,7,1449.22,15,15,0.875,85.71428571428571,1.0,True,2023Q2
954668,Deployly Partners 1,Retail,Japan,67,2024-12-05 19:10:27,Growth,501020,18,active,432.0,2024-12-05 19:10:27,,8.0,37.97142857142857,4.285714285714286,1.0,15,5239.99,12,11,0.8333333333333334,53.333333333333336,0.9166666666666666,False,2024Q4
145314,Amplitude Corp Analytics 1,Retail,Netherlands,11,2024-12-29 08:04:28,Starter,500106,4,trialing,48.0,2024-12-29 08:04:28,,2.0,66.1,4.5,0.0,3,334.08,7,6,0.75,66.66666666666666,0.8571428571428571,False,2024Q4
485273,HubStack Networks 1,Software,Germany,74,2023-03-23 16:49:43,Growth,500074,17,trialing,408.0,2023-03-23 16:49:43,,4.0,45.9,3.6666666666666665,1.0,12,2783.98,7,5,0.7058823529411765,33.33333333333333,0.7142857142857143,False,2023Q1
565930,JetMetrics Group 1,Financial Services,United Kingdom,40,2025-07-29 10:15:55,Growth,501021,28,active,672.0,2025-07-29 10:15:55,,1.0,9.1,5.0,0.0,20,10919.28,16,15,0.7142857142857143,5.0,0.9375,False,2025Q3
632926,FunnelSoft Industries,Manufacturing,Australia,104,2025-08-06 14:32:51,Growth,501022,44,active,1056.0,2025-08-06 14:32:51,,3.0,67.26666666666667,3.6666666666666665,0.0,25,11852.48,11,11,0.5681818181818182,12.0,1.0,False,2025Q3
537253,HubStack Software 1,Healthcare,Brazil,3,2025-08-27 08:44:39,Starter,501023,3,active,36.0,2025-08-27 08:44:39,,3.0,48.63333333333333,4.333333333333333,0.0,3,501.48,14,11,1.0,100.0,0.7857142857142857,False,2025Q3
785078,JetMetrics Technologies 1,Retail,Canada,6,2023-07-30 19:17:42,Starter,501024,6,active,72.0,2023-07-30 19:17:42,,6.0,26.116666666666664,3.5,0.0,5,1157.87,16,14,0.8333333333333334,120.0,0.875,False,2023Q3
395222,DataBridge Pro Digital 1,Financial Services,Germany,29,2024-08-08 09:38:35,Growth,501025,8,active,192.0,2024-08-08 09:38:35,,2.0,37.599999999999994,4.5,0.0,5,2538.31,13,9,0.625,40.0,0.6923076923076923,False,2024Q3
196541,Amplitude Corp Solutions 1,Logistics,Japan,40,2024-07-12 15:21:41,Starter,501026,3,active,36.0,2024-07-12 15:21:41,,3.0,13.75,4.5,1.0,2,754.1,21,20,0.6666666666666666,150.0,0.9523809523809523,False,2024Q3
412644,NexusOne Partners 1,Financial Services,Netherlands,11,2024-05-06 08:28:41,Starter,500711,5,active,60.0,2024-05-06 08:28:41,,7.0,57.82000000000001,4.2,2.0,5,794.28,13,13,1.0,140.0,1.0,False,2024Q2
822666,Omnisend Group 1,Healthcare,Canada,30,2025-07-03 15:21:24,Growth,501027,30,active,720.0,2025-07-03 15:21:24,,5.0,25.8,4.0,0.0,21,9610.7,13,13,0.7,23.809523809523807,1.0,False,2025Q3
990741,Keystroke AI Solutions 1,Software,United Kingdom,12,2025-05-28 17:33:35,Starter,501028,5,active,60.0,2025-05-28 17:33:35,,3.0,80.26666666666667,4.0,0.0,5,730.1,12,11,1.0,60.0,0.9166666666666666,False,2025Q2
982749,JetMetrics Digital 1,Manufacturing,Canada,6,2023-02-21 14:16:00,Starter,501029,6,active,72.0,2023-02-21 14:16:00,,8.0,24.6625,3.25,0.0,4,585.48,8,8,0.6666666666666666,200.0,1.0,False,2023Q1
662390,FlowState Group 1,Financial Services,France,13,2024-03-04 12:14:38,Starter,500714,11,active,132.0,2024-03-04 12:14:38,,4.0,25.349999999999998,3.75,0.0,10,1471.72,11,11,0.9090909090909091,40.0,1.0,False,2024Q1
563394,Junction Cloud Group 1,Software,Australia,37,2025-01-19 04:43:44,Growth,500398,37,active,888.0,2025-01-19 04:43:44,,3.0,16.55,3.5,1.0,24,10550.98,12,10,0.6486486486486487,12.5,0.8333333333333334,False,2025Q1
170008,Basecamp Analytics Group 1,Manufacturing,Germany,174,2025-01-30 09:01:14,Business,501030,47,active,2068.0,2025-01-30 09:01:14,,7.0,39.32857142857143,4.571428571428571,0.0,26,29307.11,14,12,0.5531914893617021,26.923076923076923,0.8571428571428571,False,2025Q1
861107,NexusOne Analytics 1,Healthcare,Australia,88,2023-03-21 18:26:25,Growth,500261,23,active,552.0,2023-03-21 18:26:25,,5.0,25.05,4.5,1.0,18,3787.9900000000002,7,5,0.782608695652174,27.77777777777778,0.7142857142857143,False,2023Q1
899024,Gradient Labs Holdings 1,Software,France,6,2023-11-29 14:30:52,Starter,500258,6,active,72.0,2023-11-29 14:30:52,,7.0,59.6,4.285714285714286,0.0,6,777.11,11,11,1.0,116.66666666666667,1.0,False,2023Q4
372540,YieldMetrics Holdings,Retail,United States,236,2023-03-14 07:00:56,Business,500437,38,active,1672.0,2023-03-14 07:00:56,,3.0,46.666666666666664,4.333333333333333,0.0,25,23631.5,14,10,0.6578947368421053,12.0,0.7142857142857143,False,2023Q1
379610,StackBase Partners 1,Logistics,United Kingdom,9,2023-12-15 08:52:21,Starter,500606,2,active,24.0,2023-12-15 08:52:21,,6.0,34.0,3.4,1.0,1,285.43,12,11,0.5,600.0,0.9166666666666666,False,2023Q4
245051,FlowState Technologies 1,Manufacturing,Brazil,28,2025-06-05 08:11:05,Growth,501031,13,active,312.0,2025-06-05 08:11:05,,6.0,31.325000000000003,4.25,2.0,8,3477.16,11,11,0.6153846153846154,75.0,1.0,False,2025Q2
750386,Xenon Analytics Industries 1,Manufacturing,United Kingdom,9,2025-02-19 17:46:53,Starter,500553,4,active,48.0,2025-02-19 17:46:53,,5.0,49.64,3.8,0.0,3,617.78,13,12,0.75,166.66666666666669,0.9230769230769231,False,2025Q1
103319,Lattice HQ Labs 1,Software,Canada,15,2024-10-20 15:15:07,Starter,500692,7,trialing,84.0,2024-10-20 15:15:07,,7.0,49.457142857142856,4.285714285714286,0.0,7,935.16,11,11,1.0,100.0,1.0,False,2024Q4
235164,Gradient Labs Collective 1,Financial Services,Netherlands,64,2024-02-09 17:07:40,Growth,500380,55,trialing,1320.0,2024-02-09 17:07:40,,6.0,38.74,4.6,1.0,39,19854.95,15,14,0.7090909090909091,15.384615384615385,0.9333333333333333,False,2024Q1
757526,CloudPeak Systems Technologies 1,Retail,Netherlands,16,2024-09-30 09:33:24,Starter,501032,4,active,48.0,2024-09-30 09:33:24,,6.0,28.266666666666666,4.5,0.0,3,479.46,10,9,0.75,200.0,0.9,False,2024Q3
280606,Relay Systems Technologies 1,Software,France,8,2024-10-22 10:56:46,Starter,500627,3,active,36.0,2024-10-22 10:56:46,,4.0,29.525,4.0,0.0,3,468.58,13,12,1.0,133.33333333333331,0.9230769230769231,False,2024Q4
671372,Xenon Analytics Holdings 1,Education,India,11,2024-12-15 11:00:31,Starter,500700,6,active,72.0,2024-12-15 11:00:31,,4.0,23.275,3.75,0.0,5,941.21,13,13,0.8333333333333334,80.0,1.0,False,2024Q4
212090,Keystroke AI Networks 1,Retail,France,36,2023-12-27 11:50:00,Growth,500592,35,active,840.0,2023-12-27 11:50:00,,3.0,28.899999999999995,4.333333333333333,0.0,34,12737.89,15,15,0.9714285714285714,8.823529411764707,1.0,False,2023Q4
451700,Junction Cloud Technologies 1,Healthcare,France,12,2024-12-03 07:38:04,Starter,500536,8,active,96.0,2024-12-03 07:38:04,,7.0,55.949999999999996,3.1666666666666665,1.0,5,1056.6200000000001,11,11,0.625,140.0,1.0,False,2024Q4
362956,HorizonSaaS Systems 1,Software,India,4,2025-01-02 10:18:54,Starter,500045,4,active,48.0,2025-01-02 10:18:54,,3.0,28.733333333333334,3.3333333333333335,0.0,4,622.56,13,10,1.0,75.0,0.7692307692307693,False,2025Q1
744158,GridLogic Partners 1,Logistics,France,412,2024-03-23 19:53:15,Business,501033,25,active,1100.0,2024-03-23 19:53:15,,2.0,41.35,3.0,0.0,14,11858.89,11,10,0.56,14.285714285714285,0.9090909090909091,False,2024Q1
200830,Inline Systems Systems 1,Manufacturing,Canada,29,2023-08-03 12:48:25,Growth,500152,22,active,528.0,2023-08-03 12:48:25,,2.0,16.05,2.5,0.0,13,8960.72,17,17,0.5909090909090909,15.384615384615385,1.0,False,2023Q3
383211,Basecamp Analytics Technologies 1,Education,United States,56,2023-07-07 23:12:04,Growth,501034,35,active,840.0,2023-07-07 23:12:04,,6.0,36.12,4.6,1.0,33,13607.92,16,13,0.9428571428571428,18.181818181818183,0.8125,False,2023Q3
418604,EdgeFlow Technologies Solutions,Manufacturing,United States,3,2023-06-24 13:26:04,Starter,500564,3,active,36.0,2023-06-24 13:26:04,,5.0,31.560000000000002,4.2,0.0,2,436.8,12,11,0.6666666666666666,250.0,0.9166666666666666,False,2023Q2
558167,StackBase Analytics 1,Software,India,301,2025-09-16 08:14:13,Business,501035,39,active,1716.0,2025-09-16 08:14:13,,6.0,21.174999999999997,5.0,2.0,39,17151.47,10,9,1.0,15.384615384615385,0.9,False,2025Q3
961918,Unified Ops Analytics 1,Software,Canada,6,2023-08-17 14:56:04,Starter,500289,4,active,48.0,2023-08-17 14:56:04,,7.0,31.571428571428573,4.142857142857143,0.0,4,247.99,5,5,1.0,175.0,1.0,False,2023Q3
440806,YieldMetrics Collective,Financial Services,Netherlands,19,2023-09-16 16:29:36,Starter,500548,2,active,24.0,2023-09-16 16:29:36,,4.0,42.06666666666666,4.333333333333333,1.0,1,218.95,9,9,0.5,400.0,1.0,False,2023Q3
314260,FunnelSoft Holdings,Software,United States,256,2025-05-20 08:49:17,Business,500225,52,active,2288.0,2025-05-20 08:49:17,,1.0,,,1.0,34,17368.68,8,8,0.6538461538461539,2.941176470588235,1.0,False,2025Q2
634053,ZeroFriction Partners 1,Financial Services,Australia,159,2023-03-02 14:24:21,Business,501036,60,active,2640.0,2023-03-02 14:24:21,,11.0,54.66363636363636,4.2727272727272725,0.0,52,45301.36,17,14,0.8666666666666667,21.153846153846153,0.8235294117647058,False,2023Q1
511241,Omnisend Technologies 1,Financial Services,Australia,59,2023-06-25 07:27:44,Starter,500041,9,active,108.0,2023-06-25 07:27:44,,4.0,29.975,4.0,0.0,6,1089.47,10,8,0.6666666666666666,66.66666666666666,0.8,False,2023Q2
336415,GridLogic Analytics 1,Software,France,8,2024-10-06 07:33:30,Starter,500097,5,trialing,60.0,2024-10-06 07:33:30,,1.0,13.2,5.0,0.0,3,768.38,13,12,0.6,33.33333333333333,0.9230769230769231,False,2024Q4
373043,Keystroke AI Software 1,Retail,France,3,2023-11-16 09:19:34,Starter,500075,3,active,36.0,2023-11-16 09:19:34,,4.0,17.474999999999998,3.75,0.0,2,582.78,16,15,0.6666666666666666,200.0,0.9375,False,2023Q4
200323,HubStack Industries 1,Manufacturing,Japan,11,2023-11-08 05:15:16,Starter,500188,11,active,132.0,2023-11-08 05:15:16,,5.0,41.68,4.4,0.0,11,1582.82,12,10,1.0,45.45454545454545,0.8333333333333334,False,2023Q4
796619,ZeroFriction Analytics 1,Education,India,80,2024-03-24 14:31:12,Growth,501037,19,active,456.0,2024-03-24 14:31:12,,7.0,43.9,3.7142857142857144,0.0,17,5384.1,12,10,0.8947368421052632,41.17647058823529,0.8333333333333334,False,2024Q1
919974,VaultStream Systems 1,Financial Services,Netherlands,224,2023-09-11 07:55:56,Business,500241,64,active,2816.0,2023-09-11 07:55:56,,5.0,24.4,4.0,0.0,39,31084.64,11,10,0.609375,12.82051282051282,0.9090909090909091,False,2023Q3
216067,Kinetic AI Technologies 1,Retail,United States,55,2025-03-21 13:26:29,Growth,500238,14,active,336.0,2025-03-21 13:26:29,,7.0,32.24285714285714,3.7142857142857144,0.0,9,2438.88,7,7,0.6428571428571429,77.77777777777779,1.0,False,2025Q1
154252,NodeSync Analytics 1,Healthcare,Germany,5,2024-03-29 10:27:00,Starter,500649,2,active,24.0,2024-03-29 10:27:00,,1.0,18.3,5.0,0.0,2,224.57,9,8,1.0,50.0,0.8888888888888888,False,2024Q1
848871,Relay Systems Digital 1,Financial Services,United States,13,2023-02-20 08:58:25,Starter,500532,6,churned,72.0,2023-02-20 08:58:25,2024-01-21 08:58:25,5.0,27.72,4.8,0.0,4,709.86,10,9,0.6666666666666666,125.0,0.9,True,2023Q1
549442,Inline Systems Group 1,Software,Brazil,496,2024-01-23 08:04:36,Business,500612,87,trialing,3828.0,2024-01-23 08:04:36,,4.0,57.425,5.0,0.0,55,60783.46,16,15,0.632183908045977,7.2727272727272725,0.9375,False,2024Q1
436381,EdgeFlow Technologies Networks,Financial Services,France,15,2024-02-22 09:14:40,Starter,500094,5,active,60.0,2024-02-22 09:14:40,,8.0,41.785714285714285,4.285714285714286,1.0,4,784.61,13,12,0.8,200.0,0.9230769230769231,False,2024Q1
441792,Lattice HQ Systems 1,Software,Australia,119,2023-09-06 09:30:02,Growth,500275,30,active,720.0,2023-09-06 09:30:02,,4.0,55.13333333333333,4.0,1.0,25,7595.43,11,9,0.8333333333333334,16.0,0.8181818181818182,False,2023Q3
181128,GridLogic Solutions 1,Financial Services,Canada,26,2023-09-16 08:23:39,Growth,501038,24,active,576.0,2023-09-16 08:23:39,,5.0,62.05,3.5,1.0,15,7460.42,13,12,0.625,33.33333333333333,0.9230769230769231,False,2023Q3
724051,NodeSync Solutions 1,Logistics,Japan,40,2023-04-26 15:10:34,Growth,500290,13,churned,312.0,2023-04-26 15:10:34,2025-03-21 15:10:34,4.0,22.425,4.0,0.0,10,2137.73,7,6,0.7692307692307693,40.0,0.8571428571428571,True,2023Q2
142978,NodeSync Networks 1,Manufacturing,Japan,70,2023-01-12 12:22:42,Growth,500311,10,active,240.0,2023-01-12 12:22:42,,6.0,34.166666666666664,4.166666666666667,0.0,7,3089.76,13,13,0.7,85.71428571428571,1.0,False,2023Q1
987167,StackBase Solutions 1,Retail,Netherlands,31,2024-01-29 14:11:27,Growth,501039,21,active,504.0,2024-01-29 14:11:27,,4.0,46.13333333333333,4.666666666666667,1.0,18,2432.02,5,5,0.8571428571428571,22.22222222222222,1.0,False,2024Q1
997844,VaultStream Group 1,Education,Japan,222,2024-12-22 05:58:02,Business,500325,142,trialing,6248.0,2024-12-22 05:58:02,,6.0,63.21666666666667,3.6666666666666665,0.0,101,137108.24,22,17,0.7112676056338029,5.9405940594059405,0.7727272727272727,False,2024Q4
236900,ZeroFriction Solutions 1,Healthcare,India,35,2025-08-29 07:50:54,Growth,500040,16,active,384.0,2025-08-29 07:50:54,,4.0,39.9,3.0,0.0,12,4639.68,12,10,0.75,33.33333333333333,0.8333333333333334,False,2025Q3
301453,Basecamp Analytics Digital 1,Retail,France,5,2025-05-05 13:01:16,Starter,501040,5,active,60.0,2025-05-05 13:01:16,,5.0,57.25,4.75,1.0,5,1087.91,18,15,1.0,100.0,0.8333333333333334,False,2025Q2
778013,Unified Ops Solutions 1,Retail,Netherlands,22,2023-11-23 13:11:54,Starter,500643,9,active,108.0,2023-11-23 13:11:54,,3.0,71.60000000000001,3.3333333333333335,0.0,6,878.3,8,7,0.6666666666666666,50.0,0.875,False,2023Q4
474008,FlowState Digital 1,Software,Australia,103,2025-03-04 12:58:50,Growth,500011,35,active,840.0,2025-03-04 12:58:50,,3.0,71.83333333333333,3.3333333333333335,0.0,26,8557.44,10,10,0.7428571428571429,11.538461538461538,1.0,False,2025Q1
618342,Relay Systems Partners 1,Manufacturing,Canada,398,2023-05-26 11:43:41,Business,501041,89,active,3916.0,2023-05-26 11:43:41,,1.0,,,1.0,72,38196.16,10,9,0.8089887640449438,1.3888888888888888,0.9,False,2023Q2
232216,Keystroke AI Industries 1,Manufacturing,Germany,114,2024-03-05 13:44:16,Starter,500430,3,churned,36.0,2024-03-05 13:44:16,2025-03-22 13:44:16,4.0,25.4,4.5,0.0,2,433.95,12,11,0.6666666666666666,200.0,0.9166666666666666,True,2024Q1
787646,InfraPoint Partners 1,Logistics,India,36,2023-06-18 10:25:47,Growth,501042,26,active,624.0,2023-06-18 10:25:47,,2.0,103.85,4.0,0.0,16,8297.05,13,12,0.6153846153846154,12.5,0.9230769230769231,False,2023Q2
564516,Amplitude Corp Networks 1,Education,Japan,29,2025-03-22 09:48:09,Growth,500036,29,active,696.0,2025-03-22 09:48:09,,3.0,58.4,3.6666666666666665,0.0,16,6215.35,9,8,0.5517241379310345,18.75,0.8888888888888888,False,2025Q1
149208,Relay Systems Analytics 1,Financial Services,Netherlands,4,2024-05-12 15:56:19,Starter,501043,4,active,48.0,2024-05-12 15:56:19,,4.0,37.7,5.0,0.0,4,727.2,15,13,1.0,100.0,0.8666666666666667,False,2024Q2
207018,FlowState Partners 1,Manufacturing,Canada,3,2024-07-30 17:55:42,Starter,500749,3,active,36.0,2024-07-30 17:55:42,,10.0,26.830000000000002,3.9,0.0,2,174.07,5,5,0.6666666666666666,500.0,1.0,False,2024Q3
517368,Inline Systems Technologies 1,Logistics,Germany,124,2023-05-19 13:12:29,Business,500029,103,active,4532.0,2023-05-19 13:12:29,,1.0,24.7,2.0,0.0,87,55317.75,12,11,0.8446601941747572,1.1494252873563218,0.9166666666666666,False,2023Q2
739213,NodeSync Software 1,Manufacturing,Netherlands,17,2025-01-16 09:39:48,Starter,501044,6,active,72.0,2025-01-16 09:39:48,,2.0,53.599999999999994,4.0,0.0,5,867.03,12,11,0.8333333333333334,40.0,0.9166666666666666,False,2025Q1
411362,HubStack Holdings 1,Logistics,India,17,2023-11-21 15:00:33,Starter,501045,7,active,84.0,2023-11-21 15:00:33,,3.0,45.6,4.333333333333333,0.0,6,726.02,9,9,0.8571428571428571,50.0,1.0,False,2023Q4
181156,Kinetic AI Digital 1,Healthcare,Brazil,104,2024-11-19 12:16:10,Growth,500446,21,active,504.0,2024-11-19 12:16:10,,3.0,96.73333333333333,3.6666666666666665,0.0,16,7985.43,16,15,0.7619047619047619,18.75,0.9375,False,2024Q4
104172,YieldMetrics Works,Logistics,Germany,16,2025-07-30 22:50:24,Starter,500298,2,active,24.0,2025-07-30 22:50:24,,10.0,39.78,4.3,0.0,2,366.81,15,13,1.0,500.0,0.8666666666666667,False,2025Q3
359105,Omnisend Digital 1,Financial Services,Germany,29,2024-05-05 08:50:45,Growth,500308,29,active,696.0,2024-05-05 08:50:45,,5.0,36.739999999999995,4.8,0.0,22,6020.74,9,7,0.7586206896551724,22.727272727272727,0.7777777777777778,False,2024Q2
663683,EdgeFlow Technologies Software,Software,Brazil,18,2025-06-11 09:50:17,Starter,500436,4,active,48.0,2025-06-11 09:50:17,,6.0,45.44,3.8,1.0,3,625.02,13,10,0.75,200.0,0.7692307692307693,False,2025Q2
196847,FlowState Analytics 1,Healthcare,Japan,139,2024-08-26 06:02:58,Business,501046,63,active,2772.0,2024-08-26 06:02:58,,3.0,63.333333333333336,3.6666666666666665,0.0,37,27201.64,10,10,0.5873015873015873,8.108108108108109,1.0,False,2024Q3
106212,CloudPeak Systems Digital 1,Retail,India,144,2024-09-08 13:48:54,Business,500756,68,active,2992.0,2024-09-08 13:48:54,,10.0,45.05,3.8,0.0,52,32927.06,11,8,0.7647058823529411,19.230769230769234,0.7272727272727273,False,2024Q3
575382,PipelineIO Digital 1,Manufacturing,Japan,64,2025-08-13 13:38:22,Growth,500292,34,active,816.0,2025-08-13 13:38:22,,4.0,63.1,3.5,0.0,27,9753.55,12,11,0.7941176470588235,14.814814814814813,0.9166666666666666,False,2025Q3
901602,DataBridge Pro Partners 1,Software,France,47,2023-11-11 13:19:04,Growth,500703,40,past_due,960.0,2023-11-11 13:19:04,,3.0,68.3,3.3333333333333335,0.0,30,11679.08,12,11,0.75,10.0,0.9166666666666666,False,2023Q4
331536,WorksiteOS Group 1,Manufacturing,Australia,5,2024-10-26 13:14:46,Starter,500276,5,churned,60.0,2024-10-26 13:14:46,2025-01-23 13:14:46,6.0,28.939999999999998,4.6,1.0,4,668.74,11,8,0.8,150.0,0.7272727272727273,True,2024Q4
549691,FunnelSoft Collective,Logistics,Brazil,25,2023-04-18 12:37:07,Growth,500411,25,churned,600.0,2023-04-18 12:37:07,2024-11-10 12:37:07,5.0,28.65,4.75,1.0,21,7798.66,13,13,0.84,23.809523809523807,1.0,True,2023Q2
739739,InfraPoint Analytics 1,Financial Services,Brazil,13,2023-08-08 09:21:21,Starter,501047,3,active,36.0,2023-08-08 09:21:21,,6.0,33.4,3.6,1.0,3,327.96,9,9,1.0,200.0,1.0,False,2023Q3
961788,Junction Cloud Digital 1,Logistics,India,3,2024-11-03 13:09:30,Starter,501048,3,active,36.0,2024-11-03 13:09:30,,5.0,25.36,3.4,0.0,2,446.48,12,12,0.6666666666666666,250.0,1.0,False,2024Q4
349808,InfraPoint Solutions 1,Software,Japan,30,2024-01-26 14:23:34,Growth,501049,17,active,408.0,2024-01-26 14:23:34,,3.0,40.166666666666664,3.3333333333333335,0.0,16,5678.35,14,12,0.9411764705882353,18.75,0.8571428571428571,False,2024Q1
165982,Envoy Platforms Software,Manufacturing,Brazil,73,2025-09-16 16:40:39,Growth,500465,15,active,360.0,2025-09-16 16:40:39,,6.0,47.03333333333333,3.8333333333333335,0.0,15,4722.89,13,11,1.0,40.0,0.8461538461538461,False,2025Q3
549976,Inline Systems Digital 1,Financial Services,Netherlands,292,2025-03-08 13:12:55,Business,501050,45,active,1980.0,2025-03-08 13:12:55,,6.0,25.18,4.2,1.0,28,22383.54,11,11,0.6222222222222222,21.428571428571427,1.0,False,2025Q1
580435,YieldMetrics Labs 1,Education,United States,49,2023-08-24 16:06:53,Growth,501051,25,active,600.0,2023-08-24 16:06:53,,7.0,41.800000000000004,3.8333333333333335,1.0,17,10724.23,18,16,0.68,41.17647058823529,0.8888888888888888,False,2023Q3
487099,YieldMetrics Systems 1,Manufacturing,Netherlands,9,2024-06-12 11:40:52,Starter,500576,3,past_due,36.0,2024-06-12 11:40:52,,6.0,49.160000000000004,4.8,1.0,3,276.94,8,7,1.0,200.0,0.875,False,2024Q2
492337,Beacon Software Analytics 1,Financial Services,France,13,2025-09-26 15:02:07,Starter,500333,4,active,48.0,2025-09-26 15:02:07,,7.0,45.15,2.8333333333333335,1.0,3,814.02,17,16,0.75,233.33333333333334,0.9411764705882353,False,2025Q3
351485,NexusOne Solutions 1,Software,France,12,2023-08-25 14:25:55,Starter,501052,1,active,12.0,2023-08-25 14:25:55,,5.0,29.375,4.5,1.0,1,167.37,14,10,1.0,500.0,0.7142857142857143,False,2023Q3
237614,ZeroFriction Networks 1,Healthcare,Australia,25,2024-06-01 17:16:46,Growth,500147,25,churned,600.0,2024-06-01 17:16:46,2025-09-10 17:16:46,4.0,12.65,4.75,0.0,14,6088.91,10,9,0.56,28.57142857142857,0.9,True,2024Q2
125160,QueryForge Group 1,Manufacturing,United States,8,2025-09-13 10:14:37,Starter,500092,7,trialing,84.0,2025-09-13 10:14:37,,4.0,54.0,4.25,0.0,5,1531.05,18,17,0.7142857142857143,80.0,0.9444444444444444,False,2025Q3
329586,JetMetrics Partners 1,Retail,United Kingdom,25,2024-11-05 13:36:07,Growth,500611,25,active,600.0,2024-11-05 13:36:07,,4.0,8.025,4.25,0.0,20,5979.95,10,8,0.8,20.0,0.8,False,2024Q4
320794,QueryForge Technologies 1,Financial Services,India,6,2024-02-16 16:54:58,Starter,500371,5,active,60.0,2024-02-16 16:54:58,,6.0,66.06666666666666,4.666666666666667,0.0,5,985.3299999999999,16,14,1.0,120.0,0.875,False,2024Q1
184233,QueryForge Digital 1,Software,France,12,2024-11-14 07:30:46,Starter,500445,2,active,24.0,2024-11-14 07:30:46,,6.0,33.56,4.4,1.0,1,95.61,4,4,0.5,600.0,1.0,False,2024Q4
673856,Beacon Software Solutions 1,Financial Services,Japan,5,2024-06-19 13:21:32,Starter,500710,5,active,60.0,2024-06-19 13:21:32,,6.0,28.866666666666664,3.8333333333333335,0.0,4,705.41,12,12,0.8,150.0,1.0,False,2024Q2
692735,WorksiteOS Technologies 1,Healthcare,United States,17,2024-09-04 16:04:53,Starter,501053,8,active,96.0,2024-09-04 16:04:53,,6.0,37.13333333333333,4.0,0.0,8,1531.44,16,14,1.0,75.0,0.875,False,2024Q3
336143,PipelineIO Partners 1,Software,Germany,3,2025-03-30 11:22:02,Starter,500054,2,active,24.0,2025-03-30 11:22:02,,5.0,56.58,5.0,0.0,2,319.29,13,13,1.0,250.0,1.0,False,2025Q1
946742,Momentum Tools Networks,Financial Services,Germany,13,2024-10-10 07:59:55,Starter,500163,5,active,60.0,2024-10-10 07:59:55,,6.0,45.86666666666667,4.666666666666667,0.0,4,711.47,12,10,0.8,150.0,0.8333333333333334,False,2024Q4
733368,GridLogic Networks 1,Software,Germany,11,2024-08-12 11:13:44,Starter,501054,4,active,48.0,2024-08-12 11:13:44,,5.0,57.54,3.8,0.0,3,607.11,13,12,0.75,166.66666666666669,0.9230769230769231,False,2024Q3
887991,Keystroke AI Holdings 1,Financial Services,Germany,15,2023-07-26 20:19:34,Starter,500448,6,active,72.0,2023-07-26 20:19:34,,6.0,50.699999999999996,3.6666666666666665,0.0,4,721.94,10,8,0.6666666666666666,150.0,0.8,False,2023Q3
110220,VaultStream Technologies 1,Financial Services,Netherlands,22,2023-04-22 11:51:55,Starter,500506,5,active,60.0,2023-04-22 11:51:55,,3.0,29.23333333333333,2.6666666666666665,0.0,3,774.46,13,11,0.6,100.0,0.8461538461538461,False,2023Q2
310019,YieldMetrics Group 1,Manufacturing,Germany,120,2025-09-16 14:00:14,Business,501055,52,active,2288.0,2025-09-16 14:00:14,,6.0,29.3,3.1666666666666665,0.0,40,19210.6,8,7,0.7692307692307693,15.0,0.875,False,2025Q3
854467,Omnisend Partners 1,Healthcare,Netherlands,30,2024-05-14 09:21:07,Growth,501056,30,active,720.0,2024-05-14 09:21:07,,7.0,45.55714285714286,3.142857142857143,0.0,18,8927.84,12,10,0.6,38.88888888888889,0.8333333333333334,False,2024Q2
174373,StackBase Networks 1,Retail,Germany,52,2023-01-01 07:39:54,Growth,500515,18,churned,432.0,2023-01-01 07:39:54,2023-03-05 07:39:54,6.0,22.84,3.4,1.0,16,4022.74,9,8,0.8888888888888888,37.5,0.8888888888888888,True,2023Q1
556479,InfraPoint Networks 1,Software,Germany,6,2023-09-17 11:00:45,Starter,500378,6,active,72.0,2023-09-17 11:00:45,,6.0,39.36666666666667,3.8333333333333335,0.0,5,1009.5,14,13,0.8333333333333334,120.0,0.9285714285714286,False,2023Q3
736270,Relay Systems Solutions 1,Education,United States,134,2023-06-16 11:59:21,Business,500702,116,past_due,5104.0,2023-06-16 11:59:21,,2.0,32.8,3.5,0.0,67,46072.47,9,8,0.5775862068965517,2.9850746268656714,0.8888888888888888,False,2023Q2
940445,Amplitude Corp Software 1,Software,Netherlands,12,2023-01-15 15:00:49,Starter,500420,12,active,144.0,2023-01-15 15:00:49,,4.0,31.725,4.5,0.0,10,2055.36,14,13,0.8333333333333334,40.0,0.9285714285714286,False,2023Q1
754948,MeshWorks Networks,Software,Netherlands,226,2024-07-01 08:34:20,Business,500484,66,active,2904.0,2024-07-01 08:34:20,,2.0,85.5,4.5,0.0,47,23587.35,8,8,0.7121212121212122,4.25531914893617,1.0,False,2024Q3
278870,WorksiteOS Digital 1,Financial Services,Brazil,8,2024-12-31 09:55:06,Starter,501057,4,active,48.0,2024-12-31 09:55:06,,7.0,27.55,4.5,1.0,3,526.52,11,10,0.75,233.33333333333334,0.9090909090909091,False,2024Q4
301501,PipelineIO Analytics 1,Software,Germany,65,2023-05-31 16:08:28,Growth,500110,30,active,720.0,2023-05-31 16:08:28,,8.0,41.275,3.875,0.0,22,10492.28,15,11,0.7333333333333333,36.36363636363637,0.7333333333333333,False,2023Q2
140197,Amplitude Corp Industries 1,Healthcare,Japan,312,2024-10-06 17:25:44,Business,500722,38,active,1672.0,2024-10-06 17:25:44,,3.0,27.866666666666664,3.0,0.0,21,21172.09,13,11,0.5526315789473685,14.285714285714285,0.8461538461538461,False,2024Q4
513477,Amplitude Corp Holdings 1,Financial Services,United Kingdom,67,2024-08-12 16:30:27,Growth,500301,33,active,792.0,2024-08-12 16:30:27,,3.0,32.3,2.5,1.0,21,7997.4400000000005,10,8,0.6363636363636364,14.285714285714285,0.8,False,2024Q3
250089,ZeroFriction Software 1,Healthcare,United States,3,2023-04-05 11:23:45,Starter,501058,3,active,36.0,2023-04-05 11:23:45,,2.0,72.30000000000001,3.0,0.0,2,545.35,15,13,0.6666666666666666,100.0,0.8666666666666667,False,2023Q2
124161,Envoy Platforms Industries,Financial Services,Netherlands,11,2024-08-28 13:51:18,Starter,500522,11,active,132.0,2024-08-28 13:51:18,,6.0,76.5,4.0,0.0,7,1599.51,12,11,0.6363636363636364,85.71428571428571,0.9166666666666666,False,2024Q3
627910,Inline Systems Partners 1,Education,United Kingdom,4,2023-07-15 14:29:21,Growth,500024,4,active,96.0,2023-07-15 14:29:21,,7.0,21.514285714285712,3.2857142857142856,0.0,4,857.76,9,8,1.0,175.0,0.8888888888888888,False,2023Q3
902662,ZeroFriction Industries 1,Software,France,3,2025-09-07 19:20:22,Starter,500559,3,active,36.0,2025-09-07 19:20:22,,7.0,20.016666666666666,4.166666666666667,1.0,2,548.56,15,12,0.6666666666666666,350.0,0.8,False,2025Q3
462096,Keystroke AI Collective 1,Manufacturing,Japan,389,2024-11-16 10:26:32,Business,501059,81,active,3564.0,2024-11-16 10:26:32,,6.0,62.1,2.75,2.0,68,24180.47,7,7,0.8395061728395061,8.823529411764707,1.0,False,2024Q4
486520,LaunchPad HQ Works,Manufacturing,Japan,16,2025-07-27 06:07:50,Starter,501060,3,active,36.0,2025-07-27 06:07:50,,4.0,30.066666666666666,3.6666666666666665,1.0,3,483.45,13,12,1.0,133.33333333333331,0.9230769230769231,False,2025Q3
248669,Kinetic AI Partners 1,Retail,United Kingdom,16,2023-09-14 13:55:09,Starter,500194,9,active,108.0,2023-09-14 13:55:09,,8.0,54.4625,4.25,0.0,6,967.0,9,8,0.6666666666666666,133.33333333333331,0.8888888888888888,False,2023Q3
944315,Deployly Analytics 1,Software,Germany,37,2023-09-25 17:42:40,Business,501061,37,active,1628.0,2023-09-25 17:42:40,,4.0,16.725,2.25,0.0,37,18182.05,11,11,1.0,10.81081081081081,1.0,False,2023Q3
952233,Omnisend Analytics 1,Retail,Australia,27,2024-05-31 10:30:51,Growth,501062,24,active,576.0,2024-05-31 10:30:51,,8.0,22.66,2.8,3.0,20,12047.29,21,18,0.8333333333333334,40.0,0.8571428571428571,False,2024Q2
482349,Amplitude Corp Collective 1,Education,Germany,24,2023-03-02 17:31:57,Starter,501063,7,active,84.0,2023-03-02 17:31:57,,4.0,29.65,4.5,0.0,5,1374.71,16,16,0.7142857142857143,80.0,1.0,False,2023Q1
511879,Momentum Tools Software,Manufacturing,France,33,2025-05-19 20:59:03,Growth,501064,29,active,696.0,2025-05-19 20:59:03,,6.0,46.58,4.0,1.0,26,12148.7,18,18,0.896551724137931,23.076923076923077,1.0,False,2025Q2
662010,QueryForge Partners 1,Education,Netherlands,14,2024-08-01 08:00:11,Starter,501065,4,active,48.0,2024-08-01 08:00:11,,6.0,43.525,4.25,2.0,2,967.87,20,18,0.5,300.0,0.9,False,2024Q3
775696,FunnelSoft Works,Financial Services,Germany,14,2024-02-01 15:40:40,Starter,500151,5,active,60.0,2024-02-01 15:40:40,,2.0,42.4,3.0,0.0,3,472.65000000000003,8,8,0.6,66.66666666666666,1.0,False,2024Q1
634412,TriggerPoint Solutions 1,Software,Brazil,123,2024-06-13 07:31:36,Business,500604,98,active,4312.0,2024-06-13 07:31:36,,3.0,108.0,3.6666666666666665,0.0,60,47633.02,11,10,0.6122448979591837,5.0,0.9090909090909091,False,2024Q2
112651,FlowState Solutions 1,Education,United States,3,2023-03-06 15:14:24,Starter,500557,3,active,36.0,2023-03-06 15:14:24,,2.0,49.699999999999996,4.5,0.0,3,323.5,9,9,1.0,66.66666666666666,1.0,False,2023Q1
960588,Kinetic AI Analytics 1,Software,Germany,4,2023-10-28 15:17:37,Starter,500316,4,active,48.0,2023-10-28 15:17:37,,8.0,46.825,4.125,0.0,3,524.92,11,11,0.75,266.66666666666663,1.0,False,2023Q4
976274,PipelineIO Solutions 1,Financial Services,United Kingdom,37,2023-12-02 17:41:44,Growth,500699,36,active,864.0,2023-12-02 17:41:44,,3.0,60.06666666666666,3.3333333333333335,0.0,22,8680.48,10,9,0.6111111111111112,13.636363636363635,0.9,False,2023Q4
208561,ZeroFriction Holdings 1,Financial Services,Japan,24,2023-01-09 09:07:09,Starter,501066,8,active,96.0,2023-01-09 09:07:09,,6.0,37.64,4.2,1.0,6,999.4399999999999,10,10,0.75,100.0,1.0,False,2023Q1
246475,NexusOne Networks 1,Retail,France,19,2024-08-12 08:22:46,Starter,500597,7,active,84.0,2024-08-12 08:22:46,,2.0,46.5,4.0,0.0,6,1468.29,17,16,0.8571428571428571,33.33333333333333,0.9411764705882353,False,2024Q3
164080,Basecamp Analytics Partners 1,Healthcare,Canada,5,2023-11-05 08:00:40,Starter,500746,5,active,60.0,2023-11-05 08:00:40,,5.0,48.739999999999995,4.8,0.0,4,710.45,12,11,0.8,125.0,0.9166666666666666,False,2023Q4
977420,NodeSync Industries 1,Healthcare,Japan,11,2025-08-26 13:56:35,Starter,501067,2,active,24.0,2025-08-26 13:56:35,,6.0,71.66,4.0,1.0,2,216.35,9,9,1.0,300.0,1.0,False,2025Q3
262644,FunnelSoft Labs 1,Software,Japan,91,2023-11-06 10:05:44,Growth,500608,50,churned,1200.0,2023-11-06 10:05:44,2024-06-24 10:05:44,2.0,41.75,4.5,0.0,30,13159.599999999999,11,10,0.6,6.666666666666667,0.9090909090909091,True,2023Q4
207113,Lattice HQ Group 1,Financial Services,Australia,11,2025-03-04 10:18:23,Starter,500519,10,trialing,120.0,2025-03-04 10:18:23,,6.0,56.5,3.6,1.0,6,1211.78,10,10,0.6,100.0,1.0,False,2025Q1
515850,Amplitude Corp Works 2,Manufacturing,Brazil,7,2023-05-20 07:42:33,Starter,501068,5,active,60.0,2023-05-20 07:42:33,,4.0,19.433333333333334,4.333333333333333,1.0,4,870.57,14,14,0.8,100.0,1.0,False,2023Q2
232159,Gradient Labs Works 2,Retail,Germany,80,2025-06-04 14:15:01,Business,500538,67,active,2948.0,2025-06-04 14:15:01,,8.0,31.775,4.125,0.0,51,23009.44,8,8,0.7611940298507462,15.686274509803921,1.0,False,2025Q2
991768,Basecamp Analytics Analytics 1,Logistics,United States,15,2025-07-15 08:50:13,Starter,500556,6,active,72.0,2025-07-15 08:50:13,,10.0,35.711111111111116,4.444444444444445,1.0,4,575.3399999999999,8,8,0.6666666666666666,250.0,1.0,False,2025Q3
791209,Momentum Tools Industries,Manufacturing,United Kingdom,42,2025-05-09 17:09:31,Starter,501069,7,active,84.0,2025-05-09 17:09:31,,4.0,52.425,4.75,0.0,6,994.15,12,11,0.8571428571428571,66.66666666666666,0.9166666666666666,False,2025Q2
182485,DataBridge Pro Analytics 1,Manufacturing,Brazil,15,2024-04-23 17:14:29,Starter,501070,12,active,144.0,2024-04-23 17:14:29,,5.0,29.080000000000002,4.8,0.0,10,1587.9,11,11,0.8333333333333334,50.0,1.0,False,2024Q2
462638,Axiom Labs Collective,Financial Services,United States,204,2023-08-28 12:44:22,Business,501071,137,active,6028.0,2023-08-28 12:44:22,,2.0,77.45,3.0,0.0,121,54284.6,9,8,0.8832116788321168,1.6528925619834711,0.8888888888888888,False,2023Q3
356856,EdgeFlow Technologies Industries,Education,Germany,7,2023-11-16 15:01:09,Starter,501072,7,active,84.0,2023-11-16 15:01:09,,6.0,45.48333333333333,4.666666666666667,0.0,5,1224.01,15,14,0.7142857142857143,120.0,0.9333333333333333,False,2023Q4
145787,Basecamp Analytics Solutions 1,Education,France,32,2023-10-22 14:13:27,Growth,501073,27,active,648.0,2023-10-22 14:13:27,,3.0,57.366666666666674,2.6666666666666665,0.0,24,10310.41,16,16,0.8888888888888888,12.5,1.0,False,2023Q4
175177,LaunchPad HQ Labs 1,Manufacturing,Japan,13,2025-02-07 20:46:52,Starter,501074,3,active,36.0,2025-02-07 20:46:52,,6.0,26.016666666666666,4.5,0.0,3,296.0,8,8,1.0,200.0,1.0,False,2025Q1
495640,MeshWorks Software,Financial Services,Germany,14,2024-03-01 16:18:36,Starter,500618,8,active,96.0,2024-03-01 16:18:36,,3.0,29.46666666666667,4.0,0.0,5,1158.71,12,8,0.625,60.0,0.6666666666666666,False,2024Q1
563161,Kinetic AI Solutions 1,Retail,Japan,26,2024-12-10 07:07:11,Growth,500230,26,active,624.0,2024-12-10 07:07:11,,6.0,25.349999999999998,3.6666666666666665,0.0,20,4431.0599999999995,7,7,0.7692307692307693,30.0,1.0,False,2024Q4
139085,Omnisend Solutions 1,Education,Germany,6,2023-11-05 15:45:29,Starter,500489,3,active,36.0,2023-11-05 15:45:29,,2.0,39.9,5.0,0.0,2,298.52,8,6,0.6666666666666666,100.0,0.75,False,2023Q4
365660,TriggerPoint Networks 1,Software,Australia,48,2023-01-29 13:51:07,Growth,500499,13,churned,312.0,2023-01-29 13:51:07,2024-05-08 13:51:07,4.0,26.375,4.5,0.0,13,2850.06,9,9,1.0,30.76923076923077,1.0,True,2023Q1
831195,Amplitude Corp Labs 2,Manufacturing,United States,39,2023-05-27 13:31:59,Growth,500185,39,active,936.0,2023-05-27 13:31:59,,5.0,36.575,3.75,1.0,30,7759.6,8,6,0.7692307692307693,16.666666666666664,0.75,False,2023Q2
390602,Axiom Labs Works,Education,United States,31,2024-02-08 21:43:27,Growth,501075,18,active,432.0,2024-02-08 21:43:27,,4.0,58.7,3.0,0.0,12,3892.66,9,9,0.6666666666666666,33.33333333333333,1.0,False,2024Q1
516809,Lattice HQ Technologies 1,Manufacturing,Germany,27,2024-04-12 02:46:09,Growth,501076,27,active,648.0,2024-04-12 02:46:09,,1.0,34.0,5.0,0.0,24,7107.8099999999995,11,10,0.8888888888888888,4.166666666666666,0.9090909090909091,False,2024Q2
269978,PipelineIO Networks 1,Software,Netherlands,144,2023-03-12 04:28:59,Growth,500189,21,active,504.0,2023-03-12 04:28:59,,7.0,42.271428571428565,4.0,0.0,16,6591.3099999999995,13,13,0.7619047619047619,43.75,1.0,False,2023Q1
575346,Lattice HQ Digital 1,Logistics,Canada,64,2025-08-16 20:15:30,Growth,500338,24,active,576.0,2025-08-16 20:15:30,,3.0,51.5,3.6666666666666665,0.0,23,6304.65,11,11,0.9583333333333334,13.043478260869565,1.0,False,2025Q3
622939,Kinetic AI Networks 1,Software,India,27,2025-01-07 12:03:52,Growth,500168,21,active,504.0,2025-01-07 12:03:52,,5.0,50.025,4.25,1.0,19,5071.96,10,9,0.9047619047619048,26.31578947368421,0.9,False,2025Q1
398864,HorizonSaaS Group 1,Education,United States,42,2023-08-15 06:47:55,Growth,500317,24,active,576.0,2023-08-15 06:47:55,,3.0,15.600000000000001,3.0,0.0,15,2927.7799999999997,5,5,0.625,20.0,1.0,False,2023Q3
318214,Gradient Labs Labs 2,Software,Germany,14,2024-09-08 10:20:13,Starter,500605,6,churned,72.0,2024-09-08 10:20:13,2025-06-07 10:20:13,6.0,37.175,4.5,2.0,4,945.4200000000001,13,10,0.6666666666666666,150.0,0.7692307692307693,True,2024Q3
603307,Momentum Tools Holdings,Financial Services,Netherlands,18,2024-02-21 13:55:05,Starter,500504,3,active,36.0,2024-02-21 13:55:05,,5.0,27.160000000000004,3.8,0.0,3,684.78,19,19,1.0,166.66666666666669,1.0,False,2024Q1
859443,HubStack Collective 1,Healthcare,Canada,1164,2025-01-09 15:21:13,Enterprise,500393,248,active,19592.0,2025-01-09 15:21:13,,5.0,83.44,4.6,0.0,215,294258.43,15,13,0.8669354838709677,2.3255813953488373,0.8666666666666667,False,2025Q1
359178,NodeSync Holdings 1,Software,Germany,34,2025-01-09 15:40:43,Growth,500750,19,active,456.0,2025-01-09 15:40:43,,5.0,39.660000000000004,3.8,0.0,11,5626.38,12,12,0.5789473684210527,45.45454545454545,1.0,False,2025Q1
675202,NodeSync Collective 1,Software,Australia,701,2024-12-19 15:07:55,Enterprise,500297,287,active,22673.0,2024-12-19 15:07:55,,6.0,24.916666666666668,4.333333333333333,0.0,159,157655.13,7,5,0.554006968641115,3.7735849056603774,0.7142857142857143,False,2024Q4
119546,NodeSync Works 2,Education,United States,9,2023-01-23 09:24:57,Starter,501077,6,active,72.0,2023-01-23 09:24:57,,3.0,33.45,3.5,1.0,4,582.5,8,7,0.6666666666666666,75.0,0.875,False,2023Q1
488457,Axiom Labs Labs 1,Financial Services,India,17,2025-05-02 12:34:40,Starter,500336,6,past_due,72.0,2025-05-02 12:34:40,,7.0,25.400000000000002,3.5714285714285716,0.0,4,860.73,12,10,0.6666666666666666,175.0,0.8333333333333334,False,2025Q2
262678,Beacon Software Networks 1,Retail,Germany,13,2023-11-03 17:28:25,Starter,500753,7,active,84.0,2023-11-03 17:28:25,,6.0,39.15,4.5,0.0,4,829.93,10,7,0.5714285714285714,150.0,0.7,False,2023Q4
854166,HorizonSaaS Technologies 1,Manufacturing,Australia,30,2024-06-04 08:38:36,Growth,500259,22,active,528.0,2024-06-04 08:38:36,,4.0,54.03333333333333,4.0,1.0,14,5408.49,10,10,0.6363636363636364,28.57142857142857,1.0,False,2024Q2
692089,Lattice HQ Partners 1,Financial Services,India,31,2025-07-11 11:06:04,Growth,501078,31,active,744.0,2025-07-11 11:06:04,,9.0,41.32,3.6,4.0,23,10527.53,14,11,0.7419354838709677,39.130434782608695,0.7857142857142857,False,2025Q3
142260,HubStack Works 2,Retail,India,169,2023-10-10 09:51:14,Business,500141,134,active,5896.0,2023-10-10 09:51:14,,3.0,42.73333333333333,4.333333333333333,0.0,88,64386.83,11,11,0.6567164179104478,3.4090909090909087,1.0,False,2023Q4
599218,Envoy Platforms Holdings,Healthcare,India,135,2023-05-19 14:30:39,Business,501079,126,active,5544.0,2023-05-19 14:30:39,,5.0,22.28,4.2,0.0,95,49362.66,9,7,0.753968253968254,5.263157894736842,0.7777777777777778,False,2023Q2
661816,Xenon Analytics Collective 1,Financial Services,United States,172,2023-10-21 09:42:38,Growth,501080,16,active,384.0,2023-10-21 09:42:38,,3.0,71.05,3.5,1.0,13,4227.110000000001,11,10,0.8125,23.076923076923077,0.9090909090909091,False,2023Q4
729073,Momentum Tools Collective,Healthcare,United States,57,2025-09-01 14:33:07,Growth,501081,24,active,576.0,2025-09-01 14:33:07,,9.0,43.4625,4.25,1.0,21,6939.06,12,11,0.875,42.857142857142854,0.9166666666666666,False,2025Q3
913140,LaunchPad HQ Systems 1,Manufacturing,Japan,20,2023-04-03 10:13:50,Starter,501082,11,active,132.0,2023-04-03 10:13:50,,0.0,,,0.0,9,1818.76,14,14,0.8181818181818182,0.0,1.0,False,2023Q2
213004,Axiom Labs Systems 1,Software,Australia,15,2024-02-15 07:58:22,Starter,500140,7,active,84.0,2024-02-15 07:58:22,,7.0,20.785714285714285,4.428571428571429,0.0,4,1290.99,16,16,0.5714285714285714,175.0,1.0,False,2024Q1
344893,Beacon Software Software 1,Software,Canada,167,2025-03-16 08:59:27,Business,500602,64,active,2816.0,2025-03-16 08:59:27,,7.0,22.114285714285717,3.7142857142857144,0.0,39,22826.79,8,7,0.609375,17.94871794871795,0.875,False,2025Q1
704101,Inline Systems Analytics 1,Education,United Kingdom,28,2024-01-04 11:12:50,Growth,501083,28,active,672.0,2024-01-04 11:12:50,,6.0,49.88,4.6,1.0,23,4185.22,6,6,0.8214285714285714,26.08695652173913,1.0,False,2024Q1
978965,Xenon Analytics Works 2,Software,France,42,2024-12-28 11:13:23,Growth,501084,26,active,624.0,2024-12-28 11:13:23,,6.0,30.28333333333333,3.6666666666666665,0.0,23,6842.82,11,10,0.8846153846153846,26.08695652173913,0.9090909090909091,False,2024Q4
416815,Momentum Tools Works,Logistics,Japan,83,2024-12-02 10:03:03,Growth,500090,24,active,576.0,2024-12-02 10:03:03,,1.0,59.9,5.0,0.0,23,5212.26,9,9,0.9583333333333334,4.3478260869565215,1.0,False,2024Q4
356711,Xenon Analytics Labs 2,Retail,Germany,42,2024-05-26 09:29:00,Business,500071,42,active,1848.0,2024-05-26 09:29:00,,4.0,68.9,4.666666666666667,1.0,27,9262.32,5,4,0.6428571428571429,14.814814814814813,0.8,False,2024Q2
375756,ZeroFriction Collective 1,Logistics,Canada,47,2023-10-11 16:11:27,Growth,501085,25,active,600.0,2023-10-11 16:11:27,,8.0,48.35,4.0,0.0,15,6224.35,10,8,0.6,53.333333333333336,0.8,False,2023Q4
263501,JetMetrics Analytics 1,Manufacturing,United States,9,2025-04-23 18:42:17,Starter,500673,4,active,48.0,2025-04-23 18:42:17,,3.0,24.95,3.5,1.0,4,482.88,10,10,1.0,75.0,1.0,False,2025Q2
467325,YieldMetrics Technologies 1,Healthcare,United States,102,2023-08-17 11:29:41,Growth,500392,8,past_due,192.0,2023-08-17 11:29:41,,5.0,25.575,3.75,1.0,5,2276.55,12,9,0.625,100.0,0.75,False,2023Q3
155975,Relay Systems Networks 1,Software,Australia,103,2023-01-17 09:52:06,Growth,501086,36,active,864.0,2023-01-17 09:52:06,,8.0,25.728571428571428,4.285714285714286,1.0,30,8706.78,10,10,0.8333333333333334,26.666666666666668,1.0,False,2023Q1
896894,Relay Systems Software 1,Software,Japan,132,2025-07-07 15:27:16,Business,501087,36,active,1584.0,2025-07-07 15:27:16,,4.0,54.074999999999996,3.5,0.0,30,22305.489999999998,14,13,0.8333333333333334,13.333333333333334,0.9285714285714286,False,2025Q3
254564,Unified Ops Networks 1,Logistics,Canada,255,2024-05-23 16:05:16,Business,500414,101,trialing,4444.0,2024-05-23 16:05:16,,4.0,77.9,4.0,0.0,95,53342.65,12,9,0.9405940594059405,4.2105263157894735,0.75,False,2024Q2
399159,Junction Cloud Partners 1,Software,Germany,66,2025-06-17 16:01:47,Growth,500248,8,active,192.0,2025-06-17 16:01:47,,6.0,29.02,3.8,1.0,6,2498.06,13,13,0.75,100.0,1.0,False,2025Q2
600806,FunnelSoft Systems 1,Software,Netherlands,21,2024-07-29 15:44:56,Starter,501088,6,active,72.0,2024-07-29 15:44:56,,4.0,32.725,4.5,0.0,5,858.88,12,11,0.8333333333333334,80.0,0.9166666666666666,False,2024Q3
404963,GridLogic Software 1,Education,Canada,30,2023-11-22 08:44:37,Growth,501089,25,active,600.0,2023-11-22 08:44:37,,7.0,43.01666666666667,4.666666666666667,1.0,15,5251.51,9,9,0.6,46.666666666666664,1.0,False,2023Q4
696751,Amplitude Corp Systems 2,Financial Services,United States,14,2024-04-22 12:40:25,Starter,500306,6,past_due,72.0,2024-04-22 12:40:25,,6.0,29.183333333333334,4.166666666666667,0.0,6,574.76,8,5,1.0,100.0,0.625,False,2024Q2
651612,MeshWorks Industries,Education,Canada,11,2025-04-08 14:22:00,Starter,500542,5,active,60.0,2025-04-08 14:22:00,,4.0,27.375,4.75,0.0,3,851.39,14,12,0.6,133.33333333333331,0.8571428571428571,False,2025Q2
399545,Unified Ops Software 1,Financial Services,Brazil,12,2024-03-01 14:27:40,Starter,501090,8,active,96.0,2024-03-01 14:27:40,,0.0,,,0.0,7,789.13,8,8,0.875,0.0,1.0,False,2024Q1
425690,ZeroFriction Works 2,Logistics,Canada,3,2023-07-21 08:08:39,Starter,501091,3,active,36.0,2023-07-21 08:08:39,,2.0,12.7,5.0,1.0,3,574.4,16,16,1.0,66.66666666666666,1.0,False,2023Q3
836465,CloudPeak Systems Partners 1,Retail,Germany,29,2025-06-14 07:14:13,Growth,501092,10,active,240.0,2025-06-14 07:14:13,,7.0,25.816666666666666,4.0,1.0,9,2134.61,9,8,0.9,77.77777777777779,0.8888888888888888,False,2025Q2
444827,FlowState Networks 1,Retail,Germany,7,2024-05-31 07:49:20,Starter,501093,3,active,36.0,2024-05-31 07:49:20,,3.0,43.93333333333334,4.0,0.0,2,357.32,10,9,0.6666666666666666,150.0,0.9,False,2024Q2
353738,ZeroFriction Labs 2,Retail,Canada,35,2024-04-11 06:30:56,Growth,501094,35,active,840.0,2024-04-11 06:30:56,,5.0,56.3,3.6,0.0,20,12694.44,15,11,0.5714285714285714,25.0,0.7333333333333333,False,2024Q2
691620,YieldMetrics Digital 1,Financial Services,Australia,3,2023-12-20 15:16:35,Starter,500716,3,active,36.0,2023-12-20 15:16:35,,6.0,36.32,4.8,1.0,2,408.9,11,9,0.6666666666666666,300.0,0.8181818181818182,False,2023Q4
885767,FlowState Software 1,Software,France,50,2024-12-21 09:21:16,Growth,500171,12,active,288.0,2024-12-21 09:21:16,,2.0,6.9,4.0,1.0,12,3522.63,12,11,1.0,16.666666666666664,0.9166666666666666,False,2024Q4
661510,Axiom Labs Group 1,Financial Services,Japan,30,2025-08-29 21:12:24,Growth,500033,22,active,528.0,2025-08-29 21:12:24,,4.0,49.875,4.25,0.0,15,7829.39,15,15,0.6818181818181818,26.666666666666668,1.0,False,2025Q3
289993,NexusOne Software 1,Financial Services,Brazil,25,2024-01-03 21:21:51,Growth,500068,22,active,528.0,2024-01-03 21:21:51,,4.0,77.475,3.75,0.0,21,5342.3,10,8,0.9545454545454546,19.047619047619047,0.8,False,2024Q1
593883,Inline Systems Solutions 1,Retail,United States,15,2025-05-13 16:31:50,Starter,501095,3,active,36.0,2025-05-13 16:31:50,,5.0,45.825,3.5,1.0,2,425.0,12,12,0.6666666666666666,250.0,1.0,False,2025Q2
700348,Keystroke AI Works 2,Healthcare,India,10,2025-06-23 15:16:53,Starter,500358,4,churned,48.0,2025-06-23 15:16:53,2025-10-25 15:16:53,6.0,62.449999999999996,4.0,2.0,3,428.45,9,7,0.75,200.0,0.7777777777777778,True,2025Q2
449270,Gradient Labs Systems 2,Software,Netherlands,11,2023-08-19 15:56:31,Starter,500263,8,active,96.0,2023-08-19 15:56:31,,8.0,22.6625,3.875,0.0,7,1319.45,14,13,0.875,114.28571428571428,0.9285714285714286,False,2023Q3
387432,Keystroke AI Labs 2,Healthcare,India,55,2025-09-15 10:35:00,Growth,500158,20,active,480.0,2025-09-15 10:35:00,,2.0,52.400000000000006,4.0,0.0,19,5244.51,11,7,0.95,10.526315789473683,0.6363636363636364,False,2025Q3
232421,YieldMetrics Partners 1,Software,Japan,63,2025-03-18 10:01:29,Growth,501096,35,active,840.0,2025-03-18 10:01:29,,3.0,59.56666666666666,3.6666666666666665,0.0,33,7618.4,9,7,0.9428571428571428,9.090909090909092,0.7777777777777778,False,2025Q1
798586,ZeroFriction Systems 2,Manufacturing,United States,190,2024-10-15 12:41:06,Business,501097,103,active,4532.0,2024-10-15 12:41:06,,6.0,17.975,4.5,2.0,65,53265.630000000005,12,11,0.6310679611650486,9.230769230769232,0.9166666666666666,False,2024Q4
479649,MeshWorks Holdings,Financial Services,Brazil,5,2024-10-28 15:51:42,Starter,500706,4,active,48.0,2024-10-28 15:51:42,,2.0,4.449999999999999,4.0,0.0,2,631.1800000000001,13,12,0.5,100.0,0.9230769230769231,False,2024Q4
143805,MeshWorks Collective,Healthcare,Australia,85,2025-05-04 15:55:59,Growth,500212,22,trialing,528.0,2025-05-04 15:55:59,,7.0,20.983333333333334,3.3333333333333335,1.0,14,5233.05,10,10,0.6363636363636364,50.0,1.0,False,2025Q2
345589,CloudPeak Systems Analytics 1,Software,United Kingdom,40,2023-05-09 06:54:26,Growth,500130,34,active,816.0,2023-05-09 06:54:26,,4.0,23.75,4.5,0.0,28,12289.0,15,13,0.8235294117647058,14.285714285714285,0.8666666666666667,False,2023Q2
224336,Momentum Tools Labs 1,Financial Services,United Kingdom,3,2023-11-28 06:35:34,Starter,501098,3,active,36.0,2023-11-28 06:35:34,,3.0,13.066666666666668,3.3333333333333335,0.0,3,323.84000000000003,9,8,1.0,100.0,0.8888888888888888,False,2023Q4
973987,JetMetrics Solutions 1,Healthcare,Australia,16,2024-11-16 13:45:11,Starter,500143,2,active,24.0,2024-11-16 13:45:11,,5.0,79.825,3.0,1.0,2,267.52,11,10,1.0,250.0,0.9090909090909091,False,2024Q4
597592,LaunchPad HQ Group 1,Manufacturing,Japan,34,2023-08-22 18:43:33,Growth,500563,17,active,408.0,2023-08-22 18:43:33,,2.0,24.25,5.0,0.0,13,6952.38,17,16,0.7647058823529411,15.384615384615385,0.9411764705882353,False,2023Q3
170902,JetMetrics Networks 1,Education,Netherlands,3,2023-05-29 09:15:11,Starter,501099,3,active,36.0,2023-05-29 09:15:11,,1.0,,,1.0,3,348.75,10,10,1.0,33.33333333333333,1.0,False,2023Q2
382519,DataBridge Pro Solutions 1,Healthcare,India,17,2024-09-19 14:59:30,Starter,500044,13,active,156.0,2024-09-19 14:59:30,,2.0,69.65,5.0,0.0,7,926.22,6,6,0.5384615384615384,28.57142857142857,1.0,False,2024Q3
827874,Xenon Analytics Systems 2,Logistics,India,5,2025-01-20 12:10:00,Starter,500385,5,active,60.0,2025-01-20 12:10:00,,5.0,29.02,3.4,0.0,5,776.55,13,11,1.0,100.0,0.8461538461538461,False,2025Q1
292435,QueryForge Analytics 1,Financial Services,India,52,2024-12-18 20:22:02,Growth,501100,35,active,840.0,2024-12-18 20:22:02,,3.0,56.199999999999996,3.0,0.0,34,12774.54,15,14,0.9714285714285714,8.823529411764707,0.9333333333333333,False,2024Q4
835797,Beacon Software Industries 1,Software,Canada,49,2024-02-18 10:40:04,Growth,500433,25,active,600.0,2024-02-18 10:40:04,,4.0,26.35,3.75,0.0,19,5977.9,10,10,0.76,21.052631578947366,1.0,False,2024Q1
219926,PipelineIO Software 1,Education,India,159,2023-04-07 11:53:24,Business,500102,77,active,3388.0,2023-04-07 11:53:24,,6.0,31.099999999999998,4.833333333333333,0.0,57,56799.8,16,12,0.7402597402597403,10.526315789473683,0.75,False,2023Q2
453260,Xenon Analytics Group 2,Healthcare,Australia,55,2023-09-04 13:11:42,Growth,500175,21,active,504.0,2023-09-04 13:11:42,,2.0,17.200000000000003,5.0,0.0,15,6693.04,13,11,0.7142857142857143,13.333333333333334,0.8461538461538461,False,2023Q3
203951,Unified Ops Industries 1,Software,United Kingdom,91,2023-08-04 03:24:54,Growth,500492,23,active,552.0,2023-08-04 03:24:54,,7.0,34.214285714285715,4.571428571428571,0.0,18,5528.61,10,10,0.782608695652174,38.88888888888889,1.0,False,2023Q3
992229,Beacon Software Holdings 1,Retail,United States,174,2024-11-04 14:02:59,Business,500211,61,active,2684.0,2024-11-04 14:02:59,,6.0,63.666666666666664,4.5,0.0,52,39687.2,15,15,0.8524590163934426,11.538461538461538,1.0,False,2024Q4
346678,StackBase Software 1,Education,Canada,106,2025-05-12 20:56:23,Growth,501101,17,active,408.0,2025-05-12 20:56:23,,5.0,52.14,4.6,0.0,11,6820.91,17,15,0.6470588235294118,45.45454545454545,0.8823529411764706,False,2025Q2
515718,LaunchPad HQ Technologies 1,Healthcare,Germany,34,2023-07-23 07:57:39,Growth,501102,17,active,408.0,2023-07-23 07:57:39,,12.0,52.9,4.363636363636363,1.0,13,5314.0599999999995,13,11,0.7647058823529411,92.3076923076923,0.8461538461538461,False,2023Q3
687595,EdgeFlow Technologies Holdings,Education,United States,45,2024-06-16 14:06:09,Business,500405,45,active,1980.0,2024-06-16 14:06:09,,3.0,27.25,4.5,1.0,26,25429.46,13,13,0.5777777777777777,11.538461538461538,1.0,False,2024Q2
543184,Lattice HQ Analytics 1,Financial Services,Netherlands,21,2023-12-10 10:17:07,Starter,500758,4,active,48.0,2023-12-10 10:17:07,,4.0,22.733333333333334,4.666666666666667,1.0,2,606.32,13,12,0.5,200.0,0.9230769230769231,False,2023Q4
475777,Catalyst CRM Networks 1,Logistics,Canada,17,2025-08-09 15:42:10,Starter,501103,4,active,48.0,2025-08-09 15:42:10,,4.0,15.833333333333334,3.0,1.0,3,537.32,11,9,0.75,133.33333333333331,0.8181818181818182,False,2025Q3
574882,FunnelSoft Group 1,Software,United Kingdom,21,2025-02-20 11:17:51,Starter,500001,6,active,72.0,2025-02-20 11:17:51,,8.0,30.985714285714288,4.428571428571429,1.0,6,795.37,11,10,1.0,133.33333333333331,0.9090909090909091,False,2025Q1
592127,Deployly Solutions 1,Software,Netherlands,3,2024-09-12 08:59:48,Starter,500287,3,past_due,36.0,2024-09-12 08:59:48,,3.0,29.7,4.5,1.0,2,103.6,3,3,0.6666666666666666,150.0,1.0,False,2024Q3
554320,Envoy Platforms Collective,Financial Services,Canada,340,2023-02-13 12:30:53,Business,500108,82,active,3608.0,2023-02-13 12:30:53,,0.0,,,0.0,60,59740.91,17,15,0.7317073170731707,0.0,0.8823529411764706,False,2023Q1
991572,Unified Ops Holdings 1,Education,India,100,2023-08-07 08:31:00,Growth,501104,15,active,360.0,2023-08-07 08:31:00,,6.0,51.339999999999996,4.4,1.0,11,5016.03,14,12,0.7333333333333333,54.54545454545454,0.8571428571428571,False,2023Q3
393197,Envoy Platforms Works,Manufacturing,Australia,32,2023-06-27 18:42:21,Growth,500733,32,active,768.0,2023-06-27 18:42:21,,6.0,59.48333333333333,4.166666666666667,0.0,18,4564.9,6,4,0.5625,33.33333333333333,0.6666666666666666,False,2023Q2
706802,Unified Ops Collective 1,Healthcare,India,76,2023-01-14 08:33:47,Growth,500019,28,active,672.0,2023-01-14 08:33:47,,6.0,49.75,4.666666666666667,0.0,27,9322.869999999999,14,13,0.9642857142857143,22.22222222222222,0.9285714285714286,False,2023Q1
372607,QueryForge Solutions 1,Manufacturing,Netherlands,31,2025-06-30 18:54:22,Growth,500032,24,active,576.0,2025-06-30 18:54:22,,6.0,31.3,4.5,0.0,24,3955.23,7,6,1.0,25.0,0.8571428571428571,False,2025Q2
828822,Axiom Labs Technologies 1,Software,Canada,259,2023-06-12 17:52:25,Business,500469,78,active,3432.0,2023-06-12 17:52:25,,9.0,37.574999999999996,3.875,1.0,49,30598.5,9,6,0.6282051282051282,18.367346938775512,0.6666666666666666,False,2023Q2
815721,YieldMetrics Analytics 1,Healthcare,Australia,3,2024-06-12 14:46:16,Starter,500481,3,active,36.0,2024-06-12 14:46:16,,6.0,51.76666666666667,4.166666666666667,0.0,3,214.01999999999998,6,5,1.0,200.0,0.8333333333333334,False,2024Q2
511470,HubStack Labs 2,Manufacturing,Japan,205,2024-01-20 13:05:57,Business,500262,97,trialing,4268.0,2024-01-20 13:05:57,,4.0,35.825,3.75,0.0,61,25070.21,6,5,0.6288659793814433,6.557377049180328,0.8333333333333334,False,2024Q1
938120,Unified Ops Works 2,Healthcare,Brazil,25,2025-02-11 13:17:57,Growth,500510,9,active,216.0,2025-02-11 13:17:57,,7.0,20.36,4.0,2.0,9,2356.12,11,11,1.0,77.77777777777779,1.0,False,2025Q1
550331,InfraPoint Software 1,Healthcare,Germany,21,2023-08-27 10:19:09,Starter,501105,5,active,60.0,2023-08-27 10:19:09,,5.0,37.074999999999996,4.75,1.0,5,612.09,10,10,1.0,100.0,1.0,False,2023Q3
316635,Relay Systems Industries 1,Education,Germany,442,2023-12-19 12:41:07,Growth,501106,31,active,744.0,2023-12-19 12:41:07,,6.0,21.599999999999998,2.6666666666666665,0.0,29,13041.4,18,16,0.9354838709677419,20.689655172413794,0.8888888888888888,False,2023Q4
201572,LaunchPad HQ Digital 1,Software,Brazil,38,2025-09-22 13:26:24,Growth,500569,38,active,912.0,2025-09-22 13:26:24,,7.0,17.057142857142857,4.428571428571429,0.0,25,12866.96,14,14,0.6578947368421053,28.000000000000004,1.0,False,2025Q3
644475,DataBridge Pro Networks 1,Retail,Germany,5,2023-05-27 15:20:34,Starter,500182,5,active,60.0,2023-05-27 15:20:34,,3.0,43.03333333333333,4.0,0.0,4,1018.9200000000001,17,16,0.8,75.0,0.9411764705882353,False,2023Q2
705867,Relay Systems Holdings 1,Manufacturing,Canada,155,2023-09-23 08:27:47,Business,500253,90,trialing,3960.0,2023-09-23 08:27:47,,9.0,45.2125,3.75,1.0,63,43510.96,11,11,0.7,14.285714285714285,1.0,False,2023Q3
372638,Omnisend Networks 1,Healthcare,Germany,11,2024-09-26 08:47:50,Starter,500487,3,active,36.0,2024-09-26 08:47:50,,2.0,47.0,4.0,0.0,2,617.5,17,16,0.6666666666666666,100.0,0.9411764705882353,False,2024Q3
983961,PipelineIO Industries 1,Software,India,64,2025-06-06 10:14:29,Growth,501107,20,active,480.0,2025-06-06 10:14:29,,5.0,48.58,5.0,0.0,14,4410.51,9,9,0.7,35.714285714285715,1.0,False,2025Q2
111647,TriggerPoint Software 1,Manufacturing,Canada,853,2023-02-09 10:12:57,Enterprise,501108,100,active,7900.0,2023-02-09 10:12:57,,3.0,28.03333333333333,4.666666666666667,0.0,55,117485.18,15,14,0.55,5.454545454545454,0.9333333333333333,False,2023Q1
694103,Basecamp Analytics Networks 1,Retail,Australia,20,2024-12-04 11:01:45,Starter,500020,3,active,36.0,2024-12-04 11:01:45,,2.0,30.2,5.0,1.0,3,536.5699999999999,15,15,1.0,66.66666666666666,1.0,False,2024Q4
856439,HorizonSaaS Digital 1,Software,Australia,9,2023-06-13 16:45:21,Starter,501109,6,active,72.0,2023-06-13 16:45:21,,4.0,45.699999999999996,4.0,0.0,5,369.27,5,4,0.8333333333333334,80.0,0.8,False,2023Q2
858842,YieldMetrics Solutions 1,Healthcare,Canada,25,2024-06-24 13:58:46,Growth,500544,18,churned,432.0,2024-06-24 13:58:46,2025-02-20 13:58:46,3.0,22.3,5.0,1.0,12,3779.92,9,8,0.6666666666666666,25.0,0.8888888888888888,True,2024Q2
966960,Amplitude Corp Group 2,Software,United Kingdom,36,2023-10-05 10:10:10,Growth,500396,31,active,744.0,2023-10-05 10:10:10,,6.0,32.3,4.0,2.0,27,10868.47,15,12,0.8709677419354839,22.22222222222222,0.8,False,2023Q4
624691,HorizonSaaS Partners 1,Healthcare,Brazil,33,2025-01-06 13:41:11,Growth,500458,29,active,696.0,2025-01-06 13:41:11,,4.0,43.575,3.25,0.0,26,10633.28,15,15,0.896551724137931,15.384615384615385,1.0,False,2025Q1
751178,StackBase Industries 1,Software,Australia,311,2024-08-20 08:10:18,Business,500293,48,active,2112.0,2024-08-20 08:10:18,,7.0,43.48571428571428,3.7142857142857144,0.0,42,23641.38,11,11,0.875,16.666666666666664,1.0,False,2024Q3
749734,VaultStream Digital 1,Software,Canada,15,2024-05-24 10:20:22,Starter,500279,5,trialing,60.0,2024-05-24 10:20:22,,8.0,45.614285714285714,4.142857142857143,1.0,5,1069.33,18,16,1.0,160.0,0.8888888888888888,False,2024Q2
535256,InfraPoint Industries 1,Software,Canada,35,2024-10-08 14:17:03,Growth,500348,20,active,480.0,2024-10-08 14:17:03,,5.0,38.04,3.8,0.0,14,6882.26,14,12,0.7,35.714285714285715,0.8571428571428571,False,2024Q4
826663,Keystroke AI Systems 2,Software,Japan,135,2023-12-01 13:06:27,Business,501110,56,active,2464.0,2023-12-01 13:06:27,,3.0,18.833333333333332,4.0,0.0,51,36727.09,15,15,0.9107142857142857,5.88235294117647,1.0,False,2023Q4
491257,Envoy Platforms Labs 1,Retail,France,28,2023-05-29 12:50:57,Growth,501111,28,active,672.0,2023-05-29 12:50:57,,5.0,58.025,4.0,1.0,23,8135.4,12,12,0.8214285714285714,21.73913043478261,1.0,False,2023Q2
951176,Inline Systems Networks 1,Retail,Germany,13,2024-02-28 09:44:06,Starter,500467,7,active,84.0,2024-02-28 09:44:06,,5.0,92.05,4.0,1.0,6,791.51,9,8,0.8571428571428571,83.33333333333334,0.8888888888888888,False,2024Q1
938137,CloudPeak Systems Solutions 1,Software,Japan,32,2023-08-16 18:40:16,Growth,500043,31,active,744.0,2023-08-16 18:40:16,,3.0,65.83333333333333,3.6666666666666665,0.0,28,11034.85,15,14,0.9032258064516129,10.714285714285714,0.9333333333333333,False,2023Q3
178553,Momentum Tools Systems 1,Education,United States,11,2024-05-10 10:15:40,Starter,500176,3,active,36.0,2024-05-10 10:15:40,,4.0,40.7,3.25,0.0,2,607.15,17,17,0.6666666666666666,200.0,1.0,False,2024Q2
929449,Axiom Labs Digital 1,Healthcare,Australia,339,2023-02-18 21:40:58,Growth,500567,39,active,936.0,2023-02-18 21:40:58,,4.0,40.175,4.0,0.0,23,10516.3,11,9,0.5897435897435898,17.391304347826086,0.8181818181818182,False,2023Q1
474120,DataBridge Pro Software 1,Software,India,27,2023-02-05 15:49:18,Growth,500104,27,active,648.0,2023-02-05 15:49:18,,3.0,57.800000000000004,4.0,0.0,17,7154.14,11,9,0.6296296296296297,17.647058823529413,0.8181818181818182,False,2023Q1
624539,Junction Cloud Analytics 1,Logistics,France,8,2024-04-13 21:26:41,Starter,501112,3,active,36.0,2024-04-13 21:26:41,,5.0,40.55,4.0,1.0,2,393.12,11,11,0.6666666666666666,250.0,1.0,False,2024Q2
942582,EdgeFlow Technologies Collective,Healthcare,Netherlands,11,2024-03-05 18:57:15,Starter,500064,2,active,24.0,2024-03-05 18:57:15,,3.0,37.06666666666667,3.3333333333333335,0.0,2,217.8,9,9,1.0,150.0,1.0,False,2024Q1
355983,HubStack Systems 2,Logistics,Canada,73,2024-10-27 11:11:33,Growth,501113,11,active,264.0,2024-10-27 11:11:33,,8.0,26.166666666666668,4.166666666666667,2.0,8,2623.45,10,10,0.7272727272727273,100.0,1.0,False,2024Q4
237570,ZeroFriction Group 2,Software,Canada,68,2023-04-11 10:54:13,Growth,500096,14,active,336.0,2023-04-11 10:54:13,,3.0,47.0,3.3333333333333335,0.0,11,3713.8,11,10,0.7857142857142857,27.27272727272727,0.9090909090909091,False,2023Q2
811779,HubStack Group 2,Healthcare,France,11,2024-12-28 13:08:20,Starter,500006,7,churned,84.0,2024-12-28 13:08:20,2025-09-23 13:08:20,5.0,59.6,4.666666666666667,2.0,4,585.36,7,6,0.5714285714285714,125.0,0.8571428571428571,True,2024Q4
517173,MeshWorks Works,Software,Germany,25,2023-09-08 08:17:27,Growth,501114,8,active,192.0,2023-09-08 08:17:27,,5.0,25.96,4.2,0.0,7,2827.05,15,14,0.875,71.42857142857143,0.9333333333333333,False,2023Q3
618509,StackBase Holdings 1,Retail,Canada,25,2023-07-14 15:41:43,Growth,501115,25,active,600.0,2023-07-14 15:41:43,,2.0,20.2,5.0,0.0,24,6576.3099999999995,11,10,0.96,8.333333333333332,0.9090909090909091,False,2023Q3
179049,Axiom Labs Partners 1,Manufacturing,India,81,2025-04-22 08:38:10,Growth,500013,15,active,360.0,2025-04-22 08:38:10,,5.0,37.78,4.0,0.0,14,3916.49,11,11,0.9333333333333333,35.714285714285715,1.0,False,2025Q2
674609,GridLogic Industries 1,Retail,United States,6,2024-06-29 11:30:59,Starter,501116,6,active,72.0,2024-06-29 11:30:59,,7.0,22.533333333333335,4.166666666666667,1.0,4,1013.37,14,12,0.6666666666666666,175.0,0.8571428571428571,False,2024Q2
152728,TriggerPoint Industries 1,Software,India,128,2024-04-05 06:57:09,Enterprise,500402,128,active,10112.0,2024-04-05 06:57:09,,3.0,43.53333333333333,3.3333333333333335,0.0,123,101154.91,10,8,0.9609375,2.4390243902439024,0.8,False,2024Q2
182564,HorizonSaaS Analytics 1,Software,Netherlands,11,2023-05-29 19:25:32,Starter,501117,5,active,60.0,2023-05-29 19:25:32,,5.0,82.275,4.25,1.0,5,307.87,5,5,1.0,100.0,1.0,False,2023Q2
555768,VaultStream Partners 1,Logistics,India,25,2023-08-08 15:57:36,Growth,500296,25,active,600.0,2023-08-08 15:57:36,,10.0,49.230000000000004,4.1,0.0,22,4817.58,8,5,0.88,45.45454545454545,0.625,False,2023Q3
493447,CloudPeak Systems Networks 1,Software,Canada,216,2023-05-06 12:51:11,Business,500266,52,active,2288.0,2023-05-06 12:51:11,,4.0,30.35,4.5,0.0,30,22710.56,10,8,0.5769230769230769,13.333333333333334,0.8,False,2023Q2
223459,Basecamp Analytics Software 1,Retail,Japan,9,2025-06-27 08:57:25,Starter,500157,7,active,84.0,2025-06-27 08:57:25,,5.0,31.4,3.8,0.0,6,1082.44,13,13,0.8571428571428571,83.33333333333334,1.0,False,2025Q2
345955,Junction Cloud Solutions 1,Manufacturing,Brazil,50,2023-11-29 16:10:57,Growth,500192,16,trialing,384.0,2023-11-29 16:10:57,,6.0,52.416666666666664,4.333333333333333,0.0,10,6071.68,16,15,0.625,60.0,0.9375,False,2023Q4
452579,HubStack Technologies 2,Manufacturing,Australia,13,2023-04-28 09:37:18,Starter,501118,8,active,96.0,2023-04-28 09:37:18,,5.0,53.339999999999996,4.8,0.0,6,1642.4,17,15,0.75,83.33333333333334,0.8823529411764706,False,2023Q2
712131,Kinetic AI Software 1,Financial Services,India,96,2024-03-25 15:02:51,Growth,500379,41,active,984.0,2024-03-25 15:02:51,,2.0,37.0,4.5,0.0,37,8999.68,9,8,0.9024390243902439,5.405405405405405,0.8888888888888888,False,2024Q1
364714,Momentum Tools Group 1,Financial Services,United States,8,2023-09-28 17:15:33,Starter,501119,8,active,96.0,2023-09-28 17:15:33,,6.0,48.1,4.666666666666667,0.0,8,1241.79,13,12,1.0,75.0,0.9230769230769231,False,2023Q3
779884,GridLogic Holdings 1,Logistics,Japan,153,2024-03-08 13:48:13,Business,500035,109,active,4796.0,2024-03-08 13:48:13,,6.0,41.416666666666664,3.8333333333333335,0.0,80,56286.9,12,12,0.7339449541284404,7.5,1.0,False,2024Q1
437273,JetMetrics Software 1,Logistics,Canada,18,2024-01-11 08:48:02,Starter,500095,3,active,36.0,2024-01-11 08:48:02,,6.0,24.85,4.25,2.0,2,323.06,9,6,0.6666666666666666,300.0,0.6666666666666666,False,2024Q1
321951,YieldMetrics Networks 1,Education,United Kingdom,3,2023-05-14 09:06:26,Starter,500193,3,active,36.0,2023-05-14 09:06:26,,10.0,58.25,4.5,0.0,2,387.8,11,11,0.6666666666666666,500.0,1.0,False,2023Q2
140321,Deployly Networks 1,Software,United States,68,2024-04-26 08:47:40,Growth,501120,18,active,432.0,2024-04-26 08:47:40,,7.0,47.6,4.0,0.0,18,5502.5,13,12,1.0,38.88888888888889,0.9230769230769231,False,2024Q2
662368,DataBridge Pro Industries 1,Healthcare,Australia,8,2023-11-10 09:37:21,Starter,500584,5,active,60.0,2023-11-10 09:37:21,,4.0,36.9,4.75,0.0,5,350.22,6,6,1.0,80.0,1.0,False,2023Q4
481953,InfraPoint Holdings 1,Financial Services,United States,352,2023-05-08 08:02:53,Business,500424,147,active,6468.0,2023-05-08 08:02:53,,7.0,49.949999999999996,4.666666666666667,1.0,111,57815.1,9,7,0.7551020408163265,6.306306306306306,0.7777777777777778,False,2023Q2
676603,Keystroke AI Group 2,Software,India,11,2025-05-30 15:03:38,Growth,500631,11,trialing,264.0,2025-05-30 15:03:38,,7.0,41.971428571428575,4.428571428571429,0.0,10,4587.6,17,16,0.9090909090909091,70.0,0.9411764705882353,False,2025Q2
269728,Inline Systems Software 1,Healthcare,United Kingdom,75,2023-05-30 11:08:18,Business,500357,75,active,3300.0,2023-05-30 11:08:18,,8.0,32.300000000000004,4.5,0.0,47,26570.97,8,8,0.6266666666666667,17.02127659574468,1.0,False,2023Q2
349634,ZeroFriction Technologies 2,Manufacturing,United States,301,2023-02-24 18:56:30,Business,500527,92,active,4048.0,2023-02-24 18:56:30,,7.0,51.857142857142854,4.142857142857143,0.0,55,48743.38,12,12,0.5978260869565217,12.727272727272727,1.0,False,2023Q1
170254,Unified Ops Labs 2,Manufacturing,India,27,2023-02-27 08:23:45,Growth,501121,27,active,648.0,2023-02-27 08:23:45,,5.0,65.33333333333333,4.0,2.0,19,5117.14,8,8,0.7037037037037037,26.31578947368421,1.0,False,2023Q1
918212,DataBridge Pro Holdings 1,Financial Services,India,132,2025-06-21 14:10:38,Business,500387,99,active,4356.0,2025-06-21 14:10:38,,5.0,56.6,4.2,0.0,73,40185.95,9,9,0.7373737373737373,6.8493150684931505,1.0,False,2025Q2
541269,JetMetrics Industries 1,Software,India,32,2024-06-24 23:24:02,Growth,500005,9,churned,216.0,2024-06-24 23:24:02,2025-03-21 23:24:02,2.0,9.9,4.0,0.0,7,3092.0,14,13,0.7777777777777778,28.57142857142857,0.9285714285714286,True,2024Q2
209127,LaunchPad HQ Partners 1,Manufacturing,United Kingdom,369,2025-06-05 16:53:36,Business,500630,45,active,1980.0,2025-06-05 16:53:36,,4.0,23.55,4.25,0.0,27,28424.76,14,11,0.6,14.814814814814813,0.7857142857142857,False,2025Q2
832087,Lattice HQ Solutions 1,Manufacturing,Brazil,31,2025-05-17 17:51:55,Growth,500530,15,active,360.0,2025-05-17 17:51:55,,6.0,41.239999999999995,4.2,1.0,10,6085.62,17,13,0.6666666666666666,60.0,0.7647058823529411,False,2025Q2
302271,LaunchPad HQ Analytics 1,Manufacturing,United Kingdom,256,2025-03-20 14:52:58,Business,501122,106,active,4664.0,2025-03-20 14:52:58,,1.0,13.3,4.0,0.0,64,69159.65,15,15,0.6037735849056604,1.5625,1.0,False,2025Q1
507445,NodeSync Labs 2,Software,India,56,2025-08-12 13:05:15,Growth,500070,29,active,696.0,2025-08-12 13:05:15,,4.0,10.25,4.5,2.0,24,8148.39,12,11,0.8275862068965517,16.666666666666664,0.9166666666666666,False,2025Q3
533010,Kinetic AI Industries 1,Healthcare,Japan,35,2024-08-22 19:45:49,Growth,501123,12,active,288.0,2024-08-22 19:45:49,,0.0,,,0.0,9,3900.23,14,14,0.75,0.0,1.0,False,2024Q3
334270,Omnisend Software 1,Manufacturing,United States,269,2023-09-07 14:58:29,Business,500138,64,active,2816.0,2023-09-07 14:58:29,,5.0,67.46,4.4,0.0,44,39582.47,14,13,0.6875,11.363636363636363,0.9285714285714286,False,2023Q3
267533,NodeSync Systems 2,Retail,Netherlands,52,2024-10-05 08:09:41,Growth,501124,35,active,840.0,2024-10-05 08:09:41,,3.0,28.333333333333332,4.333333333333333,0.0,28,6068.43,7,7,0.8,10.714285714285714,1.0,False,2024Q4
850797,NexusOne Industries 1,Retail,Brazil,13,2024-04-19 13:42:58,Starter,501125,7,active,84.0,2024-04-19 13:42:58,,9.0,37.01428571428572,3.2857142857142856,2.0,5,764.8,9,7,0.7142857142857143,180.0,0.7777777777777778,False,2024Q2
443866,Lattice HQ Networks 1,Education,Canada,3,2024-06-09 13:55:10,Starter,500587,3,active,36.0,2024-06-09 13:55:10,,5.0,44.9,4.8,0.0,3,437.22,12,9,1.0,166.66666666666669,0.75,False,2024Q2
473143,StackBase Collective 1,Software,France,19,2023-08-24 21:55:35,Starter,501126,9,active,108.0,2023-08-24 21:55:35,,4.0,52.86666666666667,4.333333333333333,1.0,8,898.43,8,7,0.8888888888888888,50.0,0.875,False,2023Q3
925364,HorizonSaaS Solutions 1,Financial Services,United Kingdom,26,2025-06-17 13:36:48,Growth,500180,26,active,624.0,2025-06-17 13:36:48,,7.0,54.800000000000004,4.833333333333333,1.0,24,4323.23,7,7,0.9230769230769231,29.166666666666668,1.0,False,2025Q2
644920,Junction Cloud Networks 1,Software,United States,25,2024-10-22 13:33:41,Growth,500680,25,active,600.0,2024-10-22 13:33:41,,6.0,69.75,3.6666666666666665,0.0,17,8888.5,15,12,0.68,35.294117647058826,0.8,False,2024Q4
950873,LaunchPad HQ Solutions 1,Healthcare,France,26,2023-09-04 10:33:22,Growth,500621,26,active,624.0,2023-09-04 10:33:22,,2.0,15.45,4.5,0.0,23,9889.72,16,14,0.8846153846153846,8.695652173913043,0.875,False,2023Q3
554336,FlowState Industries 1,Logistics,Australia,16,2024-04-28 16:04:30,Starter,500384,3,active,36.0,2024-04-28 16:04:30,,5.0,40.519999999999996,4.4,0.0,2,547.86,15,14,0.6666666666666666,250.0,0.9333333333333333,False,2024Q2
358468,Relay Systems Collective 1,Healthcare,Germany,204,2023-01-13 09:26:52,Growth,500687,16,active,384.0,2023-01-13 09:26:52,,10.0,51.125,4.375,2.0,14,4976.59,13,11,0.875,71.42857142857143,0.8461538461538461,False,2023Q1
757620,GridLogic Collective 1,Healthcare,Japan,2232,2023-07-26 09:45:42,Enterprise,501127,202,active,15958.0,2023-07-26 09:45:42,,5.0,31.46,3.2,0.0,175,176449.81,11,9,0.8663366336633663,2.857142857142857,0.8181818181818182,False,2023Q3
872833,DataBridge Pro Collective 1,Software,United States,3,2023-05-08 13:48:58,Starter,501128,3,active,36.0,2023-05-08 13:48:58,,5.0,27.48,4.2,0.0,3,467.27,13,12,1.0,166.66666666666669,0.9230769230769231,False,2023Q2
723271,Kinetic AI Holdings 1,Financial Services,United States,106,2025-08-20 10:57:50,Growth,500128,23,active,552.0,2025-08-20 10:57:50,,5.0,24.86,3.4,0.0,16,6012.97,11,11,0.6956521739130435,31.25,1.0,False,2025Q3
988431,Gradient Labs Group 2,Software,India,3,2024-05-30 16:42:00,Starter,500069,3,active,36.0,2024-05-30 16:42:00,,0.0,,,0.0,2,390.19,11,8,0.6666666666666666,0.0,0.7272727272727273,False,2024Q2
870010,Beacon Software Collective 1,Financial Services,France,60,2024-03-10 10:19:56,Growth,501129,11,active,264.0,2024-03-10 10:19:56,,5.0,16.64,4.4,0.0,7,3228.84,12,10,0.6363636363636364,71.42857142857143,0.8333333333333334,False,2024Q1
640065,WorksiteOS Partners 1,Software,France,8,2023-08-31 11:52:58,Starter,500554,4,active,48.0,2023-08-31 11:52:58,,11.0,25.880000000000003,3.9,1.0,3,835.11,18,16,0.75,366.66666666666663,0.8888888888888888,False,2023Q3
301959,JetMetrics Holdings 1,Software,Germany,95,2023-01-12 09:23:40,Growth,500294,37,active,888.0,2023-01-12 09:23:40,,4.0,58.26666666666667,3.3333333333333335,1.0,25,7128.45,8,7,0.6756756756756757,16.0,0.875,False,2023Q1
548818,NodeSync Group 2,Financial Services,Canada,32,2025-07-28 11:48:56,Growth,500255,17,active,408.0,2025-07-28 11:48:56,,2.0,29.7,5.0,0.0,12,4985.9400000000005,12,12,0.7058823529411765,16.666666666666664,1.0,False,2025Q3
663216,Lattice HQ Software 1,Healthcare,Australia,62,2023-12-21 10:24:47,Growth,501130,17,active,408.0,2023-12-21 10:24:47,,5.0,54.36,4.2,0.0,12,5227.65,13,12,0.7058823529411765,41.66666666666667,0.9230769230769231,False,2023Q4
470492,Basecamp Analytics Industries 1,Retail,Netherlands,394,2023-02-09 14:36:53,Growth,500512,37,active,888.0,2023-02-09 14:36:53,,1.0,8.9,5.0,0.0,29,7160.7699999999995,8,7,0.7837837837837838,3.4482758620689653,0.875,False,2023Q1
602857,Xenon Analytics Technologies 2,Financial Services,Japan,14,2025-03-25 14:07:49,Starter,500444,6,active,72.0,2025-03-25 14:07:49,,6.0,57.5,4.75,2.0,5,361.19,5,5,0.8333333333333334,120.0,1.0,False,2025Q1
775589,Axiom Labs Analytics 1,Software,Canada,35,2025-03-01 14:21:26,Growth,501131,35,active,840.0,2025-03-01 14:21:26,,4.0,54.26666666666667,4.0,1.0,24,9766.91,12,10,0.6857142857142857,16.666666666666664,0.8333333333333334,False,2025Q1
400628,GridLogic Works 2,Software,Japan,3,2024-03-02 14:32:57,Starter,501132,3,active,36.0,2024-03-02 14:32:57,,7.0,59.14,3.2,2.0,2,815.06,22,21,0.6666666666666666,350.0,0.9545454545454546,False,2024Q1
746335,Inline Systems Industries 1,Software,Canada,4,2025-08-02 03:39:16,Starter,501133,4,active,48.0,2025-08-02 03:39:16,,7.0,40.91428571428572,3.5714285714285716,0.0,3,442.84000000000003,9,7,0.75,233.33333333333334,0.7777777777777778,False,2025Q3
260444,Catalyst CRM Software 1,Software,Germany,94,2024-02-24 18:58:27,Growth,500288,32,active,768.0,2024-02-24 18:58:27,,3.0,46.03333333333334,4.333333333333333,0.0,29,6786.95,9,9,0.90625,10.344827586206897,1.0,False,2024Q1
579749,JetMetrics Collective 1,Education,Australia,11,2025-05-22 13:41:39,Starter,500060,5,active,60.0,2025-05-22 13:41:39,,10.0,34.27,3.4,0.0,4,785.52,13,12,0.8,250.0,0.9230769230769231,False,2025Q2
790797,QueryForge Networks 1,Healthcare,Canada,11,2024-10-03 08:32:39,Starter,500300,2,active,24.0,2024-10-03 08:32:39,,4.0,27.7,4.75,0.0,2,313.86,13,12,1.0,200.0,0.9230769230769231,False,2024Q4
600864,StackBase Works 2,Financial Services,France,7,2024-02-23 13:21:50,Starter,500761,4,active,48.0,2024-02-23 13:21:50,,5.0,47.1,3.0,1.0,4,474.66,10,9,1.0,125.0,0.9,False,2024Q1
540749,MeshWorks Labs 1,Financial Services,Germany,5,2023-12-21 11:38:16,Starter,500531,2,active,24.0,2023-12-21 11:38:16,,1.0,28.0,5.0,0.0,1,307.53000000000003,13,12,0.5,100.0,0.9230769230769231,False,2023Q4
641276,Relay Systems Works 2,Software,India,29,2024-09-12 19:52:03,Growth,500027,7,active,168.0,2024-09-12 19:52:03,,2.0,50.25,4.5,0.0,7,2216.52,13,12,1.0,28.57142857142857,0.9230769230769231,False,2024Q3
490866,Catalyst CRM Industries 1,Education,Germany,64,2023-03-19 11:09:11,Growth,500191,15,churned,360.0,2023-03-19 11:09:11,2023-10-09 11:09:11,5.0,74.6,4.75,1.0,11,4336.72,12,12,0.7333333333333333,45.45454545454545,1.0,True,2023Q1
393007,GridLogic Labs 2,Manufacturing,Japan,3,2023-04-02 07:49:02,Starter,500039,3,active,36.0,2023-04-02 07:49:02,,3.0,59.46666666666667,4.0,0.0,3,183.23,5,5,1.0,100.0,1.0,False,2023Q2
179746,Amplitude Corp Technologies 2,Healthcare,Japan,3,2024-01-26 09:01:23,Starter,501134,3,active,36.0,2024-01-26 09:01:23,,9.0,34.075,4.375,1.0,2,435.22,12,8,0.6666666666666666,450.0,0.6666666666666666,False,2024Q1
138819,Xenon Analytics Digital 2,Financial Services,France,9,2024-05-01 14:28:46,Starter,500327,6,active,72.0,2024-05-01 14:28:46,,5.0,42.04,4.4,0.0,5,781.03,11,9,0.8333333333333334,100.0,0.8181818181818182,False,2024Q2
889010,MeshWorks Systems 1,Software,Canada,34,2024-11-21 09:18:13,Growth,501135,10,active,240.0,2024-11-21 09:18:13,,5.0,59.275,4.0,1.0,6,2615.29,11,10,0.6,83.33333333333334,0.9090909090909091,False,2024Q4
876153,DataBridge Pro Works 2,Software,Brazil,5,2025-03-09 16:09:37,Starter,501136,5,active,60.0,2025-03-09 16:09:37,,5.0,52.55999999999999,3.4,0.0,3,530.33,9,8,0.6,166.66666666666669,0.8888888888888888,False,2025Q1
461906,Basecamp Analytics Holdings 1,Software,Netherlands,4,2024-07-28 09:36:34,Starter,500585,4,active,48.0,2024-07-28 09:36:34,,2.0,39.3,4.5,0.0,3,719.6800000000001,15,13,0.75,66.66666666666666,0.8666666666666667,False,2024Q3
194356,Kinetic AI Collective 1,Healthcare,Canada,20,2025-08-23 13:15:28,Starter,500229,3,active,36.0,2025-08-23 13:15:28,,5.0,47.06,3.0,0.0,3,216.26999999999998,6,5,1.0,166.66666666666669,0.8333333333333334,False,2025Q3
445354,Inline Systems Holdings 1,Software,Netherlands,19,2024-08-15 12:51:42,Starter,500174,6,active,72.0,2024-08-15 12:51:42,,8.0,34.1,3.875,0.0,5,873.64,12,10,0.8333333333333334,160.0,0.8333333333333334,False,2024Q3
295334,MeshWorks Group 1,Healthcare,United States,66,2024-06-21 08:01:37,Growth,500669,22,active,528.0,2024-06-21 08:01:37,,4.0,47.333333333333336,4.0,1.0,19,4827.21,9,7,0.8636363636363636,21.052631578947366,0.7777777777777778,False,2024Q2
236797,Envoy Platforms Systems 1,Healthcare,Canada,20,2025-04-11 20:39:09,Starter,501137,4,active,48.0,2025-04-11 20:39:09,,3.0,49.1,5.0,0.0,4,555.25,12,11,1.0,75.0,0.9166666666666666,False,2025Q2
309198,NodeSync Technologies 2,Software,Australia,3,2025-05-26 15:54:37,Starter,500243,3,active,36.0,2025-05-26 15:54:37,,4.0,33.5,3.0,1.0,3,463.97,13,13,1.0,133.33333333333331,1.0,False,2025Q2
205373,YieldMetrics Software 1,Software,Brazil,35,2023-08-05 08:54:53,Business,500239,35,past_due,1540.0,2023-08-05 08:54:53,,5.0,109.67500000000001,3.0,1.0,34,18581.12,12,9,0.9714285714285714,14.705882352941178,0.75,False,2023Q3
805850,DataBridge Pro Labs 2,Software,Canada,57,2023-10-14 13:04:05,Growth,501138,18,active,432.0,2023-10-14 13:04:05,,6.0,39.440000000000005,3.4,1.0,14,5088.360000000001,12,10,0.7777777777777778,42.857142857142854,0.8333333333333334,False,2023Q4
557850,JetMetrics Works 2,Software,United Kingdom,99,2023-10-25 12:10:44,Business,501139,99,active,4356.0,2023-10-25 12:10:44,,3.0,36.800000000000004,5.0,0.0,78,53203.840000000004,12,12,0.7878787878787878,3.8461538461538463,1.0,False,2023Q4
378702,Omnisend Industries 1,Software,Canada,11,2024-12-30 16:08:08,Starter,500328,6,active,72.0,2024-12-30 16:08:08,,8.0,47.120000000000005,3.0,3.0,4,1206.64,17,15,0.6666666666666666,200.0,0.8823529411764706,False,2024Q4
242844,Basecamp Analytics Collective 1,Software,United Kingdom,270,2023-04-04 23:08:21,Business,500178,45,active,1980.0,2023-04-04 23:08:21,,5.0,44.7,4.2,0.0,30,5610.4400000000005,3,3,0.6666666666666666,16.666666666666664,1.0,False,2023Q2
407884,MeshWorks Technologies 1,Manufacturing,India,367,2024-06-09 08:06:00,Business,500476,23,active,1012.0,2024-06-09 08:06:00,,5.0,59.125,4.25,1.0,20,5824.75,6,6,0.8695652173913043,25.0,1.0,False,2024Q2
891033,PipelineIO Holdings 1,Manufacturing,France,12,2024-10-08 08:29:57,Starter,501140,10,active,120.0,2024-10-08 08:29:57,,4.0,13.95,3.5,0.0,9,1287.27,11,9,0.9,44.44444444444444,0.8181818181818182,False,2024Q4
209357,CloudPeak Systems Software 1,Manufacturing,France,3,2025-09-09 17:27:04,Starter,501141,3,active,36.0,2025-09-09 17:27:04,,9.0,39.8,4.444444444444445,0.0,2,735.12,21,18,0.6666666666666666,450.0,0.8571428571428571,False,2025Q3
417896,Amplitude Corp Digital 2,Retail,United States,33,2023-06-16 22:15:21,Growth,500550,25,active,600.0,2023-06-16 22:15:21,,2.0,28.55,5.0,0.0,14,6539.51,11,7,0.56,14.285714285714285,0.6363636363636364,False,2023Q2
508782,FlowState Holdings 1,Education,Japan,14,2023-12-09 02:36:05,Starter,500136,6,active,72.0,2023-12-09 02:36:05,,6.0,16.866666666666664,3.8333333333333335,0.0,5,498.3,7,7,0.8333333333333334,120.0,1.0,False,2023Q4
359909,ZeroFriction Digital 2,Software,France,28,2025-02-10 12:11:26,Growth,501142,27,active,648.0,2025-02-10 12:11:26,,3.0,38.13333333333333,3.6666666666666665,0.0,17,5982.4400000000005,9,8,0.6296296296296297,17.647058823529413,0.8888888888888888,False,2025Q1
776288,NexusOne Holdings 1,Healthcare,Netherlands,54,2023-08-30 08:06:29,Growth,501143,23,active,552.0,2023-08-30 08:06:29,,5.0,50.160000000000004,4.8,0.0,23,5091.73,9,8,1.0,21.73913043478261,0.8888888888888888,False,2023Q3
129145,CloudPeak Systems Industries 1,Retail,Japan,35,2023-09-24 18:58:09,Growth,501144,31,active,744.0,2023-09-24 18:58:09,,5.0,19.84,4.2,0.0,20,9480.029999999999,13,13,0.6451612903225806,25.0,1.0,False,2023Q3
241116,Lattice HQ Industries 1,Education,Canada,13,2023-05-11 03:48:25,Starter,501145,4,active,48.0,2023-05-11 03:48:25,,4.0,68.075,4.5,0.0,3,996.67,21,19,0.75,133.33333333333331,0.9047619047619048,False,2023Q2
335302,Xenon Analytics Partners 2,Financial Services,Canada,22,2024-10-14 11:11:54,Starter,500616,2,active,24.0,2024-10-14 11:11:54,,2.0,35.900000000000006,5.0,0.0,1,289.33,12,12,0.5,200.0,1.0,False,2024Q4
108606,MeshWorks Digital 1,Software,India,25,2023-04-25 11:01:48,Growth,500455,25,active,600.0,2023-04-25 11:01:48,,3.0,23.233333333333334,4.666666666666667,0.0,18,10444.18,17,15,0.72,16.666666666666664,0.8823529411764706,False,2023Q2
910761,Momentum Tools Technologies 1,Retail,Canada,156,2025-01-19 11:04:41,Business,501146,68,active,2992.0,2025-01-19 11:04:41,,10.0,30.060000000000002,4.2,0.0,54,38105.71,13,12,0.7941176470588235,18.51851851851852,0.9230769230769231,False,2025Q1
726509,JetMetrics Labs 2,Manufacturing,France,8,2024-10-17 12:04:00,Starter,500690,7,active,84.0,2024-10-17 12:04:00,,7.0,39.44285714285714,3.5714285714285716,0.0,7,1173.38,14,13,1.0,100.0,0.9285714285714286,False,2024Q4
188341,Inline Systems Collective 1,Software,Australia,13,2024-03-18 15:44:55,Starter,501147,7,active,84.0,2024-03-18 15:44:55,,4.0,49.550000000000004,3.5,0.0,5,776.76,9,8,0.7142857142857143,80.0,0.8888888888888888,False,2024Q1
323646,TriggerPoint Holdings 1,Software,Netherlands,40,2024-02-01 11:46:03,Growth,501148,29,active,696.0,2024-02-01 11:46:03,,4.0,69.75,5.0,2.0,19,5471.55,8,8,0.6551724137931034,21.052631578947366,1.0,False,2024Q1
416704,Envoy Platforms Group 1,Retail,France,18,2023-02-22 04:23:57,Starter,500021,7,churned,84.0,2023-02-22 04:23:57,2023-12-07 04:23:57,3.0,71.36666666666666,4.333333333333333,0.0,6,1691.79,20,19,0.8571428571428571,50.0,0.95,True,2023Q1
119727,TriggerPoint Collective 1,Financial Services,Netherlands,34,2023-02-27 16:47:39,Growth,500610,13,active,312.0,2023-02-27 16:47:39,,1.0,63.8,5.0,0.0,10,6628.03,21,19,0.7692307692307693,10.0,0.9047619047619048,False,2023Q1
400614,PipelineIO Collective 1,Logistics,Japan,11,2025-09-21 07:11:04,Starter,500146,7,churned,84.0,2025-09-21 07:11:04,2025-12-12 07:11:04,4.0,38.86666666666667,2.3333333333333335,1.0,5,842.52,10,10,0.7142857142857143,80.0,1.0,True,2025Q3
108657,Basecamp Analytics Works 2,Financial Services,Germany,32,2025-04-11 07:55:39,Growth,501149,25,active,600.0,2025-04-11 07:55:39,,2.0,10.45,3.5,0.0,21,9113.01,15,14,0.84,9.523809523809524,0.9333333333333333,False,2025Q2
557608,Basecamp Analytics Labs 2,Software,United Kingdom,83,2025-08-13 07:43:44,Growth,501150,31,active,744.0,2025-08-13 07:43:44,,1.0,41.0,5.0,0.0,23,8967.289999999999,12,12,0.7419354838709677,4.3478260869565215,1.0,False,2025Q3
404631,Lattice HQ Holdings 1,Retail,Germany,62,2024-08-15 10:52:27,Growth,500247,14,active,336.0,2024-08-15 10:52:27,,5.0,40.96,4.6,0.0,10,3654.56,11,10,0.7142857142857143,50.0,0.9090909090909091,False,2024Q3
132627,FlowState Collective 1,Financial Services,India,5,2024-11-26 12:02:50,Starter,500624,5,past_due,60.0,2024-11-26 12:02:50,,3.0,26.100000000000005,4.666666666666667,0.0,4,834.3100000000001,14,12,0.8,75.0,0.8571428571428571,False,2024Q4
516677,EdgeFlow Technologies Works,Logistics,Netherlands,67,2025-08-24 17:26:28,Growth,501151,10,active,240.0,2025-08-24 17:26:28,,5.0,57.52,3.6,0.0,9,2641.13,11,10,0.9,55.55555555555556,0.9090909090909091,False,2025Q3
544215,MeshWorks Partners 1,Retail,Canada,25,2025-03-29 14:34:34,Growth,500468,25,active,600.0,2025-03-29 14:34:34,,4.0,55.5,4.5,0.0,19,6707.3,11,11,0.76,21.052631578947366,1.0,False,2025Q1
567592,Xenon Analytics Analytics 2,Software,Netherlands,42,2023-02-26 08:29:33,Growth,500386,33,churned,792.0,2023-02-26 08:29:33,2023-12-07 08:29:33,11.0,73.19,4.5,1.0,19,2996.04,4,2,0.5757575757575758,57.89473684210527,0.5,True,2023Q1
359578,DataBridge Pro Systems 2,Retail,India,15,2024-08-04 09:47:07,Starter,500091,5,active,60.0,2024-08-04 09:47:07,,7.0,58.65714285714286,3.857142857142857,0.0,4,532.84,9,9,0.8,175.0,1.0,False,2024Q3
189198,QueryForge Software 1,Financial Services,Australia,15,2024-02-20 08:37:28,Starter,501152,1,active,12.0,2024-02-20 08:37:28,,2.0,29.45,4.0,0.0,1,192.97,16,15,1.0,200.0,0.9375,False,2024Q1
156588,EdgeFlow Technologies Labs 1,Education,Brazil,176,2024-09-12 11:41:47,Growth,500689,13,active,312.0,2024-09-12 11:41:47,,2.0,37.8,2.0,0.0,11,5722.9,18,18,0.8461538461538461,18.181818181818183,1.0,False,2024Q3
199248,Basecamp Analytics Systems 2,Retail,Brazil,216,2025-08-22 13:02:39,Business,500218,92,active,4048.0,2025-08-22 13:02:39,,6.0,51.71666666666667,3.8333333333333335,0.0,83,73169.55,18,16,0.9021739130434783,7.228915662650602,0.8888888888888888,False,2025Q3
909042,NodeSync Digital 2,Education,United States,18,2024-10-04 09:28:33,Starter,500583,4,active,48.0,2024-10-04 09:28:33,,7.0,18.7,3.6666666666666665,1.0,3,734.68,15,13,0.75,233.33333333333334,0.8666666666666667,False,2024Q4
136425,Keystroke AI Technologies 2,Software,India,6,2024-12-08 10:00:12,Starter,500356,4,active,48.0,2024-12-08 10:00:12,,0.0,,,0.0,3,978.55,20,18,0.75,0.0,0.9,False,2024Q4
725693,HorizonSaaS Networks 1,Education,Netherlands,37,2024-01-01 15:19:56,Growth,500508,12,active,288.0,2024-01-01 15:19:56,,3.0,41.86666666666667,5.0,0.0,8,4000.94,14,13,0.6666666666666666,37.5,0.9285714285714286,False,2024Q1
277459,Amplitude Corp Partners 2,Retail,India,94,2025-05-06 13:10:44,Growth,500534,6,active,144.0,2025-05-06 13:10:44,,3.0,42.73333333333333,4.0,0.0,4,2269.66,16,15,0.6666666666666666,75.0,0.9375,False,2025Q2
114026,HorizonSaaS Software 1,Software,Japan,18,2025-06-21 15:48:48,Starter,501153,7,active,84.0,2025-06-21 15:48:48,,7.0,42.285714285714285,3.5714285714285716,0.0,7,1085.57,13,11,1.0,100.0,0.8461538461538461,False,2025Q2
416221,Catalyst CRM Holdings 1,Manufacturing,Australia,568,2023-05-16 02:28:53,Business,501154,91,active,4004.0,2023-05-16 02:28:53,,5.0,34.22,3.4,0.0,57,16257.460000000001,4,2,0.6263736263736264,8.771929824561402,0.5,False,2023Q2
560307,QueryForge Industries 1,Retail,Netherlands,3,2024-05-31 09:44:59,Starter,501155,3,active,36.0,2024-05-31 09:44:59,,8.0,43.17142857142857,4.142857142857143,1.0,2,356.06,10,9,0.6666666666666666,400.0,0.9,False,2024Q2
112840,StackBase Labs 2,Software,Brazil,11,2024-08-01 11:08:57,Starter,500400,4,churned,48.0,2024-08-01 11:08:57,2025-02-27 11:08:57,3.0,11.9,4.0,1.0,3,528.1899999999999,11,9,0.75,100.0,0.8181818181818182,True,2024Q3
870241,Axiom Labs Solutions 1,Healthcare,Japan,17,2025-02-10 14:39:00,Starter,500601,3,trialing,36.0,2025-02-10 14:39:00,,3.0,36.86666666666667,2.0,0.0,3,399.55,11,9,1.0,100.0,0.8181818181818182,False,2025Q1
653379,NexusOne Collective 1,Education,India,38,2023-12-06 12:15:59,Growth,500635,13,active,312.0,2023-12-06 12:15:59,,5.0,54.08,4.4,0.0,9,3456.4700000000003,11,11,0.6923076923076923,55.55555555555556,1.0,False,2023Q4
379292,NexusOne Works 2,Manufacturing,Canada,76,2023-02-14 08:12:37,Business,501156,76,active,3344.0,2023-02-14 08:12:37,,6.0,20.73333333333333,4.333333333333333,0.0,68,29609.0,9,9,0.8947368421052632,8.823529411764707,1.0,False,2023Q1
731867,Lattice HQ Collective 1,Financial Services,Japan,87,2025-05-01 17:39:46,Growth,501157,32,active,768.0,2025-05-01 17:39:46,,9.0,63.75,4.0,1.0,31,14476.51,19,16,0.96875,29.03225806451613,0.8421052631578947,False,2025Q2
304113,Envoy Platforms Technologies 1,Logistics,United States,90,2024-05-15 07:44:13,Growth,500619,20,active,480.0,2024-05-15 07:44:13,,7.0,45.12857142857143,3.5714285714285716,0.0,18,4739.05,10,10,0.9,38.88888888888889,1.0,False,2024Q2
750844,MeshWorks Analytics 1,Logistics,Australia,29,2025-04-29 08:00:52,Growth,500084,29,trialing,696.0,2025-04-29 08:00:52,,2.0,34.35,4.0,0.0,16,7450.51,11,10,0.5517241379310345,12.5,0.9090909090909091,False,2025Q2
540498,FlowState Works 2,Healthcare,India,29,2023-10-16 10:50:29,Growth,500172,29,active,696.0,2023-10-16 10:50:29,,4.0,21.599999999999998,4.333333333333333,1.0,21,4088.48,6,5,0.7241379310344828,19.047619047619047,0.8333333333333334,False,2023Q4
861024,Omnisend Holdings 1,Software,United States,58,2024-05-06 19:26:10,Growth,500246,35,churned,840.0,2024-05-06 19:26:10,2024-09-05 19:26:10,4.0,50.166666666666664,4.333333333333333,1.0,31,10135.31,12,12,0.8857142857142857,12.903225806451612,1.0,True,2024Q2
295860,Catalyst CRM Collective 1,Manufacturing,India,7,2024-03-15 09:18:40,Starter,501158,6,active,72.0,2024-03-15 09:18:40,,5.0,35.36,4.2,0.0,4,995.3100000000001,14,11,0.6666666666666666,125.0,0.7857142857142857,False,2024Q1
511497,FlowState Labs 2,Manufacturing,United Kingdom,44,2023-11-20 17:48:52,Growth,500053,38,active,912.0,2023-11-20 17:48:52,,6.0,20.6,4.0,1.0,30,8084.35,9,5,0.7894736842105263,20.0,0.5555555555555556,False,2023Q4
125807,Xenon Analytics Solutions 2,Retail,Germany,96,2024-06-03 16:24:58,Growth,501159,25,active,600.0,2024-06-03 16:24:58,,4.0,33.96666666666667,4.666666666666667,1.0,16,6095.96,10,8,0.64,25.0,0.8,False,2024Q2
930786,InfraPoint Collective 1,Healthcare,Brazil,47,2023-04-28 08:57:49,Growth,500034,24,active,576.0,2023-04-28 08:57:49,,5.0,42.675000000000004,3.5,1.0,16,5054.889999999999,9,7,0.6666666666666666,31.25,0.7777777777777778,False,2023Q2
158251,Inline Systems Works 2,Manufacturing,United States,27,2024-05-29 07:03:02,Growth,500718,27,active,648.0,2024-05-29 07:03:02,,5.0,36.425,3.75,1.0,16,9304.98,14,13,0.5925925925925926,31.25,0.9285714285714286,False,2024Q2
734573,MeshWorks Solutions 1,Financial Services,India,73,2023-02-09 09:04:09,Growth,501160,26,active,624.0,2023-02-09 09:04:09,,3.0,42.800000000000004,4.333333333333333,0.0,25,5571.38,9,8,0.9615384615384616,12.0,0.8888888888888888,False,2023Q1
154626,EdgeFlow Technologies Systems 1,Healthcare,India,64,2023-12-09 14:44:55,Growth,501161,27,active,648.0,2023-12-09 14:44:55,,2.0,68.7,5.0,0.0,20,4603.62,7,5,0.7407407407407407,10.0,0.7142857142857143,False,2023Q4
435506,HorizonSaaS Industries 1,Software,United Kingdom,42,2024-08-21 15:30:52,Growth,501162,18,active,432.0,2024-08-21 15:30:52,,5.0,37.040000000000006,3.0,0.0,11,7021.52,16,16,0.6111111111111112,45.45454545454545,1.0,False,2024Q3
975237,NexusOne Labs 2,Education,India,118,2023-01-09 11:08:18,Growth,500664,19,churned,456.0,2023-01-09 11:08:18,2024-03-30 11:08:18,3.0,50.03333333333333,4.0,0.0,19,9225.27,20,19,1.0,15.789473684210526,0.95,True,2023Q1
376354,PipelineIO Works 2,Healthcare,Germany,8,2024-05-30 15:58:27,Starter,500529,7,active,84.0,2024-05-30 15:58:27,,5.0,41.8,4.75,1.0,4,1517.46,18,15,0.5714285714285714,125.0,0.8333333333333334,False,2024Q2
361379,PipelineIO Labs 2,Healthcare,France,41,2024-01-17 08:00:39,Growth,501163,35,active,840.0,2024-01-17 08:00:39,,5.0,16.65,5.0,1.0,29,10166.61,12,12,0.8285714285714286,17.24137931034483,1.0,False,2024Q1
393626,NodeSync Partners 2,Manufacturing,Netherlands,65,2024-06-19 08:01:58,Growth,501164,28,active,672.0,2024-06-19 08:01:58,,9.0,56.6125,3.5,1.0,28,6060.78,9,8,1.0,32.142857142857146,0.8888888888888888,False,2024Q2
877896,Relay Systems Labs 2,Logistics,Japan,7,2023-12-20 04:58:53,Starter,500187,6,churned,72.0,2023-12-20 04:58:53,2025-10-04 04:58:53,11.0,38.81,4.1,1.0,5,867.3,12,11,0.8333333333333334,220.00000000000003,0.9166666666666666,True,2023Q4
950543,NodeSync Analytics 2,Financial Services,Netherlands,23,2024-03-16 07:04:04,Starter,500025,3,active,36.0,2024-03-16 07:04:04,,6.0,55.36666666666667,3.6666666666666665,0.0,2,610.89,17,16,0.6666666666666666,300.0,0.9411764705882353,False,2024Q1
256019,Deployly Software 1,Healthcare,India,38,2023-12-22 07:03:43,Growth,500124,27,past_due,648.0,2023-12-22 07:03:43,,3.0,36.300000000000004,4.0,0.0,17,7778.9400000000005,12,12,0.6296296296296297,17.647058823529413,1.0,False,2023Q4
597746,Unified Ops Systems 2,Education,United Kingdom,23,2025-04-23 09:05:36,Starter,501165,6,active,72.0,2025-04-23 09:05:36,,1.0,89.2,3.0,0.0,4,1060.83,15,14,0.6666666666666666,25.0,0.9333333333333333,False,2025Q2
153122,Unified Ops Group 2,Healthcare,United States,22,2023-05-11 08:10:39,Starter,501166,4,active,48.0,2023-05-11 08:10:39,,3.0,48.96666666666667,5.0,0.0,4,579.97,12,9,1.0,75.0,0.75,False,2023Q2
833504,Catalyst CRM Works 2,Manufacturing,India,122,2025-03-16 21:06:23,Business,500672,76,active,3344.0,2025-03-16 21:06:23,,2.0,37.5,4.0,0.0,63,58184.07,17,16,0.8289473684210527,3.1746031746031744,0.9411764705882353,False,2025Q1
873644,InfraPoint Works 2,Healthcare,Japan,45,2023-10-08 16:09:13,Growth,500764,14,active,336.0,2023-10-08 16:09:13,,3.0,33.03333333333333,4.666666666666667,0.0,9,4056.6,12,11,0.6428571428571429,33.33333333333333,0.9166666666666666,False,2023Q4
359748,InfraPoint Labs 2,Software,United Kingdom,72,2024-09-25 16:08:53,Growth,500483,25,active,600.0,2024-09-25 16:08:53,,4.0,29.224999999999998,4.5,0.0,23,9430.83,16,12,0.92,17.391304347826086,0.75,False,2024Q3
668059,FunnelSoft Technologies 1,Retail,Germany,36,2025-03-26 16:04:02,Starter,500399,5,active,60.0,2025-03-26 16:04:02,,7.0,66.10000000000001,4.333333333333333,1.0,5,791.78,13,11,1.0,140.0,0.8461538461538461,False,2025Q1
186866,StackBase Systems 2,Software,Canada,53,2023-10-08 08:03:59,Growth,500565,17,active,408.0,2023-10-08 08:03:59,,4.0,41.575,4.0,0.0,14,4856.57,12,11,0.8235294117647058,28.57142857142857,0.9166666666666666,False,2023Q4
201820,YieldMetrics Industries 1,Retail,India,269,2024-11-01 15:39:47,Business,501167,75,active,3300.0,2024-11-01 15:39:47,,5.0,40.42,4.8,0.0,73,29147.1,9,8,0.9733333333333334,6.8493150684931505,0.8888888888888888,False,2024Q4
350292,QueryForge Holdings 1,Healthcare,United States,15,2023-04-12 05:34:58,Starter,500268,8,active,96.0,2023-04-12 05:34:58,,3.0,53.333333333333336,4.666666666666667,0.0,5,788.18,8,7,0.625,60.0,0.875,False,2023Q2
318405,CloudPeak Systems Holdings 1,Manufacturing,United Kingdom,23,2024-02-27 08:20:37,Starter,500318,4,active,48.0,2024-02-27 08:20:37,,7.0,82.39999999999999,4.0,0.0,3,772.7,16,15,0.75,233.33333333333334,0.9375,False,2024Q1
353111,LaunchPad HQ Networks 1,Retail,Brazil,38,2024-05-25 23:54:13,Growth,501168,24,active,576.0,2024-05-25 23:54:13,,5.0,31.48,4.2,0.0,15,2375.4700000000003,4,4,0.625,33.33333333333333,1.0,False,2024Q2
797764,Unified Ops Technologies 2,Financial Services,France,13,2024-09-14 16:41:56,Starter,501169,8,active,96.0,2024-09-14 16:41:56,,2.0,21.5,3.0,0.0,7,960.04,10,8,0.875,28.57142857142857,0.8,False,2024Q3
609487,Gradient Labs Technologies 2,Education,Australia,44,2023-04-29 07:06:17,Business,500507,44,trialing,1936.0,2023-04-29 07:06:17,,5.0,44.05,3.5,1.0,42,14084.64,7,7,0.9545454545454546,11.904761904761903,1.0,False,2023Q2
841724,Momentum Tools Digital 1,Healthcare,France,475,2024-09-04 17:01:38,Business,500651,70,active,3080.0,2024-09-04 17:01:38,,4.0,11.825,3.5,0.0,43,30152.809999999998,10,6,0.6142857142857143,9.30232558139535,0.6,False,2024Q3
604126,LaunchPad HQ Software 1,Software,Netherlands,8,2025-03-25 07:46:46,Starter,501170,4,active,48.0,2025-03-25 07:46:46,,3.0,31.633333333333336,4.666666666666667,0.0,4,733.62,15,11,1.0,75.0,0.7333333333333333,False,2025Q1
848451,WorksiteOS Analytics 1,Software,India,173,2025-03-17 14:29:09,Growth,501171,23,active,552.0,2025-03-17 14:29:09,,3.0,35.56666666666667,4.333333333333333,0.0,20,5957.35,11,11,0.8695652173913043,15.0,1.0,False,2025Q1
376850,Beacon Software Works 2,Software,United Kingdom,22,2023-10-25 18:25:10,Starter,501172,4,active,48.0,2023-10-25 18:25:10,,4.0,31.225,4.0,0.0,4,579.05,12,12,1.0,100.0,1.0,False,2023Q4
805943,NexusOne Systems 2,Financial Services,Japan,23,2023-05-04 13:20:18,Starter,500671,4,active,48.0,2023-05-04 13:20:18,,3.0,18.833333333333332,4.666666666666667,0.0,2,581.26,12,12,0.5,150.0,1.0,False,2023Q2
217404,Deployly Industries 1,Financial Services,Australia,4,2024-10-03 08:05:10,Starter,500588,4,active,48.0,2024-10-03 08:05:10,,5.0,16.725,2.25,1.0,3,718.01,15,12,0.75,166.66666666666669,0.8,False,2024Q4
466834,DataBridge Pro Group 2,Retail,Australia,56,2024-08-15 08:15:54,Growth,500609,28,active,672.0,2024-08-15 08:15:54,,3.0,8.4,2.5,1.0,22,7944.91,12,12,0.7857142857142857,13.636363636363635,1.0,False,2024Q3
662023,InfraPoint Systems 2,Software,Japan,18,2023-06-27 16:42:27,Starter,500216,10,active,120.0,2023-06-27 16:42:27,,4.0,61.575,4.25,0.0,10,963.46,8,7,1.0,40.0,0.875,False,2023Q2
820834,StackBase Group 2,Retail,United States,55,2025-09-23 13:19:47,Growth,500432,28,active,672.0,2025-09-23 13:19:47,,5.0,48.45,4.5,1.0,19,10671.81,16,14,0.6785714285714286,26.31578947368421,0.875,False,2025Q3
526874,ZeroFriction Partners 2,Manufacturing,United Kingdom,82,2024-02-21 13:13:57,Growth,500081,42,active,1008.0,2024-02-21 13:13:57,,3.0,56.199999999999996,4.666666666666667,0.0,36,6976.530000000001,7,7,0.8571428571428571,8.333333333333332,1.0,False,2024Q1
335130,EdgeFlow Technologies Group 1,Financial Services,Australia,14,2023-05-10 08:47:25,Growth,500657,7,churned,168.0,2023-05-10 08:47:25,2023-07-27 08:47:25,3.0,20.633333333333333,4.333333333333333,0.0,5,1834.15,11,11,0.7142857142857143,60.0,1.0,True,2023Q2
968217,LaunchPad HQ Industries 1,Financial Services,Netherlands,16,2023-09-07 05:47:33,Starter,501173,7,active,84.0,2023-09-07 05:47:33,,2.0,19.25,4.0,0.0,5,940.26,11,11,0.7142857142857143,40.0,1.0,False,2023Q3
757349,Keystroke AI Digital 2,Manufacturing,Canada,164,2023-10-16 08:12:55,Enterprise,500691,164,past_due,12956.0,2023-10-16 08:12:55,,4.0,51.125,4.75,0.0,138,186181.72999999998,14,13,0.8414634146341463,2.898550724637681,0.9285714285714286,False,2023Q4
637831,Keystroke AI Partners 2,Logistics,Brazil,71,2025-01-22 10:31:41,Growth,500518,16,active,384.0,2025-01-22 10:31:41,,2.0,25.25,3.0,0.0,15,2260.43,6,5,0.9375,13.333333333333334,0.8333333333333334,False,2025Q1
284939,Envoy Platforms Digital 1,Software,France,21,2024-03-27 13:16:48,Starter,500496,6,trialing,72.0,2024-03-27 13:16:48,,6.0,35.6,4.6,1.0,4,850.85,12,11,0.6666666666666666,150.0,0.9166666666666666,False,2024Q1
943858,EdgeFlow Technologies Technologies 1,Healthcare,Netherlands,43,2023-10-24 08:23:27,Growth,501174,19,active,456.0,2023-10-24 08:23:27,,5.0,26.6,4.2,0.0,16,5098.57,11,7,0.8421052631578947,31.25,0.6363636363636364,False,2023Q4
952114,JetMetrics Systems 2,Software,Japan,253,2024-04-29 13:38:00,Business,500375,69,active,3036.0,2024-04-29 13:38:00,,9.0,57.36666666666666,4.666666666666667,0.0,43,22032.75,7,5,0.6231884057971014,20.930232558139537,0.7142857142857143,False,2024Q2
164239,Lattice HQ Works 2,Retail,France,3,2024-06-30 04:00:14,Starter,500416,3,active,36.0,2024-06-30 04:00:14,,1.0,16.7,4.0,0.0,3,433.19,12,9,1.0,33.33333333333333,0.75,False,2024Q2
466636,Junction Cloud Software 1,Software,Japan,25,2024-04-04 17:43:26,Starter,500242,11,trialing,132.0,2024-04-04 17:43:26,,7.0,61.871428571428574,4.285714285714286,0.0,8,1178.54,9,8,0.7272727272727273,87.5,0.8888888888888888,False,2024Q2
975101,Amplitude Corp Analytics 2,Financial Services,Japan,5,2025-01-18 13:19:52,Starter,501175,5,active,60.0,2025-01-18 13:19:52,,7.0,30.97142857142857,4.285714285714286,0.0,3,910.54,15,13,0.6,233.33333333333334,0.8666666666666667,False,2025Q1
198116,YieldMetrics Holdings 1,Manufacturing,United States,55,2025-07-22 09:03:17,Growth,500364,35,active,840.0,2025-07-22 09:03:17,,6.0,44.86,4.8,1.0,20,9109.54,11,11,0.5714285714285714,30.0,1.0,False,2025Q3
165039,Momentum Tools Partners 1,Financial Services,France,157,2025-06-04 20:42:30,Business,500560,87,active,3828.0,2025-06-04 20:42:30,,3.0,33.43333333333333,4.666666666666667,0.0,81,41449.92,11,9,0.9310344827586207,3.7037037037037033,0.8181818181818182,False,2025Q2
676881,FunnelSoft Digital 1,Software,United Kingdom,19,2024-10-03 13:55:57,Starter,500686,3,churned,36.0,2024-10-03 13:55:57,2025-06-19 13:55:57,5.0,18.72,4.8,0.0,2,508.47,14,12,0.6666666666666666,250.0,0.8571428571428571,True,2024Q4
580725,CloudPeak Systems Collective 1,Education,Australia,18,2025-01-02 10:35:37,Starter,501176,3,active,36.0,2025-01-02 10:35:37,,2.0,17.85,4.5,0.0,2,499.75,14,12,0.6666666666666666,100.0,0.8571428571428571,False,2025Q1
457960,Unified Ops Digital 2,Manufacturing,Brazil,3,2025-07-11 14:34:26,Starter,500093,3,active,36.0,2025-07-11 14:34:26,,7.0,39.36666666666667,4.5,1.0,2,399.07,11,11,0.6666666666666666,350.0,1.0,False,2025Q3
537263,Catalyst CRM Labs 2,Logistics,United Kingdom,36,2025-09-25 14:38:21,Growth,500365,29,active,696.0,2025-09-25 14:38:21,,10.0,75.07777777777778,4.777777777777778,1.0,25,6235.42,9,9,0.8620689655172413,40.0,1.0,False,2025Q3
892691,HubStack Digital 2,Healthcare,Germany,65,2025-07-30 07:29:32,Growth,500346,19,active,456.0,2025-07-30 07:29:32,,2.0,50.0,4.0,0.0,13,6070.87,13,12,0.6842105263157895,15.384615384615385,0.9230769230769231,False,2025Q3
862228,Relay Systems Systems 2,Healthcare,Brazil,7,2025-01-09 16:14:22,Starter,500495,2,active,24.0,2025-01-09 16:14:22,,4.0,17.4,4.5,2.0,1,220.38,9,8,0.5,400.0,0.8888888888888888,False,2025Q1
371569,Unified Ops Partners 2,Financial Services,France,77,2024-07-28 09:07:19,Growth,500120,33,active,792.0,2024-07-28 09:07:19,,2.0,26.85,4.5,0.0,26,8488.68,11,11,0.7878787878787878,7.6923076923076925,1.0,False,2024Q3
209680,Xenon Analytics Networks 2,Healthcare,Brazil,16,2024-09-17 06:21:55,Starter,500540,3,active,36.0,2024-09-17 06:21:55,,3.0,23.833333333333332,3.0,0.0,2,430.63,12,12,0.6666666666666666,150.0,1.0,False,2024Q3
431016,FlowState Systems 2,Logistics,India,16,2025-09-02 16:15:06,Starter,500145,3,trialing,36.0,2025-09-02 16:15:06,,4.0,53.43333333333333,3.0,1.0,2,404.81,11,11,0.6666666666666666,200.0,1.0,False,2025Q3
374056,Omnisend Collective 1,Retail,India,19,2025-09-07 12:59:26,Growth,500755,19,past_due,456.0,2025-09-07 12:59:26,,4.0,14.8,4.5,2.0,15,4165.99,9,8,0.7894736842105263,26.666666666666668,0.8888888888888888,False,2025Q3
513019,DataBridge Pro Technologies 2,Healthcare,Canada,96,2024-08-29 08:11:35,Growth,501177,10,active,240.0,2024-08-29 08:11:35,,3.0,75.39999999999999,4.333333333333333,0.0,6,2430.47,10,10,0.6,50.0,1.0,False,2024Q3
315012,StackBase Technologies 2,Financial Services,Netherlands,143,2025-07-26 11:42:05,Business,500016,89,active,3916.0,2025-07-26 11:42:05,,7.0,52.44285714285714,4.428571428571429,0.0,85,36004.46,9,8,0.9550561797752809,8.235294117647058,0.8888888888888888,False,2025Q3
914996,Momentum Tools Analytics 1,Software,United Kingdom,114,2024-05-11 08:23:40,Growth,500213,30,active,720.0,2024-05-11 08:23:40,,2.0,50.85,4.5,0.0,21,9535.630000000001,13,12,0.7,9.523809523809524,0.9230769230769231,False,2024Q2
547854,Omnisend Works 2,Software,United Kingdom,33,2024-07-09 11:11:20,Growth,500206,16,active,384.0,2024-07-09 11:11:20,,6.0,51.833333333333336,4.333333333333333,0.0,15,3958.63,10,10,0.9375,40.0,1.0,False,2024Q3
343808,TriggerPoint Works 2,Manufacturing,Netherlands,6,2024-06-19 22:37:48,Starter,501178,6,active,72.0,2024-06-19 22:37:48,,3.0,58.666666666666664,3.6666666666666665,0.0,5,1061.21,15,15,0.8333333333333334,60.0,1.0,False,2024Q2
183180,Deployly Holdings 1,Logistics,United Kingdom,35,2023-01-09 14:45:52,Growth,501179,15,active,360.0,2023-01-09 14:45:52,,2.0,28.4,3.0,1.0,11,4035.11,11,11,0.7333333333333333,18.181818181818183,1.0,False,2023Q1
631096,LaunchPad HQ Holdings 1,Software,United States,3,2023-11-20 07:50:34,Starter,500723,3,active,36.0,2023-11-20 07:50:34,,6.0,50.17999999999999,4.0,1.0,2,470.26,13,12,0.6666666666666666,300.0,0.9230769230769231,False,2023Q4
139506,Kinetic AI Works 2,Financial Services,Brazil,22,2025-05-06 10:46:21,Starter,501180,4,active,48.0,2025-05-06 10:46:21,,10.0,28.177777777777777,4.0,1.0,3,433.15,9,8,0.75,333.33333333333337,0.8888888888888888,False,2025Q2
626504,VaultStream Analytics 1,Retail,United Kingdom,22,2023-09-28 10:21:51,Starter,500118,9,churned,108.0,2023-09-28 10:21:51,2024-12-25 10:21:51,3.0,10.133333333333333,2.3333333333333335,0.0,6,1521.46,14,12,0.6666666666666666,50.0,0.8571428571428571,True,2023Q3
114128,WorksiteOS Solutions 1,Financial Services,United Kingdom,3,2023-01-12 10:33:57,Starter,501181,3,active,36.0,2023-01-12 10:33:57,,2.0,69.85,4.5,0.0,2,492.81,14,12,0.6666666666666666,100.0,0.8571428571428571,False,2023Q1
314615,NodeSync Solutions 2,Education,United Kingdom,13,2023-09-22 12:59:58,Starter,501182,6,active,72.0,2023-09-22 12:59:58,,6.0,46.4,3.0,2.0,4,797.3100000000001,11,11,0.6666666666666666,150.0,1.0,False,2023Q3
881378,Omnisend Labs 2,Retail,Canada,7,2024-06-27 09:21:44,Starter,500525,1,active,12.0,2024-06-27 09:21:44,,4.0,53.525,3.25,0.0,1,122.01,10,8,1.0,400.0,0.8,False,2024Q2
893484,NodeSync Networks 2,Software,France,65,2023-08-08 09:05:17,Growth,501183,20,active,480.0,2023-08-08 09:05:17,,6.0,70.68333333333334,4.333333333333333,0.0,16,5714.94,12,10,0.8,37.5,0.8333333333333334,False,2023Q3
914638,Axiom Labs Networks 1,Software,Canada,21,2025-06-27 15:49:27,Starter,501184,7,active,84.0,2025-06-27 15:49:27,,3.0,55.0,4.5,1.0,5,863.02,10,10,0.7142857142857143,60.0,1.0,False,2025Q2
310258,Keystroke AI Analytics 2,Software,United States,7,2023-07-29 13:49:00,Starter,501185,4,active,48.0,2023-07-29 13:49:00,,9.0,50.025,4.25,1.0,3,536.42,11,8,0.75,300.0,0.7272727272727273,False,2023Q3
695044,Catalyst CRM Systems 2,Financial Services,France,120,2025-08-18 04:34:52,Business,500520,83,active,3652.0,2025-08-18 04:34:52,,7.0,30.766666666666666,4.0,1.0,47,26265.010000000002,7,6,0.5662650602409639,14.893617021276595,0.8571428571428571,False,2025Q3
203860,Amplitude Corp Solutions 2,Retail,Australia,29,2025-04-15 12:08:45,Growth,500595,25,active,600.0,2025-04-15 12:08:45,,3.0,26.1,3.0,2.0,21,8901.06,15,14,0.84,14.285714285714285,0.9333333333333333,False,2025Q2
606858,Axiom Labs Software 1,Manufacturing,India,19,2025-05-24 18:56:06,Starter,500409,5,active,60.0,2025-05-24 18:56:06,,5.0,48.08,3.8,0.0,4,431.77,7,7,0.8,125.0,1.0,False,2025Q2
192010,GridLogic Systems 2,Healthcare,Canada,160,2025-08-22 13:53:30,Business,501186,73,active,3212.0,2025-08-22 13:53:30,,9.0,24.87142857142857,3.4285714285714284,2.0,59,21633.86,7,7,0.8082191780821918,15.254237288135593,1.0,False,2025Q3
618152,Amplitude Corp Networks 2,Financial Services,Netherlands,204,2025-08-29 15:01:17,Business,501187,38,active,1672.0,2025-08-29 15:01:17,,7.0,22.833333333333332,3.8333333333333335,1.0,35,18572.37,11,11,0.9210526315789473,20.0,1.0,False,2025Q3
791336,NexusOne Group 2,Healthcare,France,37,2023-12-08 11:40:55,Growth,501188,21,active,504.0,2023-12-08 11:40:55,,4.0,41.95,4.75,0.0,18,6037.16,12,11,0.8571428571428571,22.22222222222222,0.9166666666666666,False,2023Q4
807582,Deployly Collective 1,Retail,Australia,27,2024-11-15 09:32:54,Growth,500561,14,trialing,336.0,2024-11-15 09:32:54,,4.0,46.8,4.25,0.0,11,3995.67,12,11,0.7857142857142857,36.36363636363637,0.9166666666666666,False,2024Q4
603274,Deployly Works 2,Software,Brazil,3,2024-04-30 16:47:16,Starter,501189,3,active,36.0,2024-04-30 16:47:16,,3.0,51.55,4.0,1.0,2,401.8,11,11,0.6666666666666666,150.0,1.0,False,2024Q2
504630,Amplitude Corp Software 2,Software,Germany,11,2025-07-24 14:03:41,Growth,501190,11,active,264.0,2025-07-24 14:03:41,,2.0,22.0,4.0,0.0,10,1573.44,6,4,0.9090909090909091,20.0,0.6666666666666666,False,2025Q3
409157,Unified Ops Analytics 2,Healthcare,Brazil,19,2025-01-09 17:01:50,Starter,500291,5,trialing,60.0,2025-01-09 17:01:50,,9.0,40.425000000000004,4.25,1.0,3,1020.58,17,17,0.6,300.0,1.0,False,2025Q1
544253,VaultStream Solutions 1,Software,Germany,16,2025-05-21 18:58:14,Starter,500286,11,active,132.0,2025-05-21 18:58:14,,4.0,58.025,4.5,0.0,7,1076.31,8,8,0.6363636363636364,57.14285714285714,1.0,False,2025Q2
847561,Relay Systems Group 2,Logistics,Germany,15,2024-10-08 12:07:29,Starter,501191,7,active,84.0,2024-10-08 12:07:29,,2.0,130.95,5.0,0.0,6,773.61,9,8,0.8571428571428571,33.33333333333333,0.8888888888888888,False,2024Q4
537536,Momentum Tools Solutions 1,Software,United States,88,2024-12-31 17:20:01,Growth,500345,14,active,336.0,2024-12-31 17:20:01,,5.0,51.44,4.0,0.0,12,2968.44,9,8,0.8571428571428571,41.66666666666667,0.8888888888888888,False,2024Q4
304962,Beacon Software Labs 2,Logistics,France,549,2024-01-06 10:15:32,Business,500720,126,active,5544.0,2024-01-06 10:15:32,,8.0,37.95,3.75,0.0,113,110841.45,20,19,0.8968253968253969,7.079646017699115,0.95,False,2024Q1
256231,Relay Systems Technologies 2,Logistics,United Kingdom,81,2023-04-25 15:15:28,Growth,500434,37,active,888.0,2023-04-25 15:15:28,,8.0,20.228571428571428,4.142857142857143,1.0,34,7893.01,9,8,0.918918918918919,23.52941176470588,0.8888888888888888,False,2023Q2
505710,CloudPeak Systems Works 2,Software,Netherlands,100,2025-02-19 16:42:24,Growth,500645,18,active,432.0,2025-02-19 16:42:24,,5.0,27.599999999999998,3.75,1.0,16,4693.81,11,7,0.8888888888888888,31.25,0.6363636363636364,False,2025Q1
210552,EdgeFlow Technologies Digital 1,Financial Services,United Kingdom,334,2025-09-11 12:46:34,Business,500018,79,active,3476.0,2025-09-11 12:46:34,,3.0,50.73333333333333,5.0,0.0,54,48647.05,14,11,0.6835443037974683,5.555555555555555,0.7857142857142857,False,2025Q3
902347,NodeSync Software 2,Logistics,United States,132,2024-07-23 14:21:30,Business,500493,74,active,3256.0,2024-07-23 14:21:30,,2.0,19.200000000000003,4.0,0.0,72,58109.86,18,16,0.972972972972973,2.7777777777777777,0.8888888888888888,False,2024Q3
185683,QueryForge Collective 1,Financial Services,United Kingdom,334,2025-01-03 08:16:28,Business,500740,109,active,4796.0,2025-01-03 08:16:28,,2.0,2.8,4.0,0.0,93,53154.91,11,11,0.8532110091743119,2.1505376344086025,1.0,False,2025Q1
970778,LaunchPad HQ Collective 1,Manufacturing,Japan,29,2024-11-13 12:14:19,Growth,501192,25,active,600.0,2024-11-13 12:14:19,,7.0,71.56,4.2,2.0,19,7063.83,12,10,0.76,36.84210526315789,0.8333333333333334,False,2024Q4
641547,MeshWorks Networks 1,Software,India,79,2023-09-05 07:09:25,Growth,500456,30,churned,720.0,2023-09-05 07:09:25,2024-01-02 07:09:25,9.0,40.611111111111114,3.7777777777777777,0.0,29,9931.52,14,13,0.9666666666666667,31.03448275862069,0.9285714285714286,True,2023Q3
197488,InfraPoint Group 2,Manufacturing,Japan,243,2024-01-19 13:45:23,Growth,501193,17,active,408.0,2024-01-19 13:45:23,,5.0,41.04,4.4,0.0,11,6042.15,15,15,0.6470588235294118,45.45454545454545,1.0,False,2024Q1
604851,Catalyst CRM Group 2,Software,United States,3,2025-08-20 15:41:02,Starter,500134,3,past_due,36.0,2025-08-20 15:41:02,,8.0,33.300000000000004,3.75,0.0,3,284.65999999999997,8,6,1.0,266.66666666666663,0.75,False,2025Q3
441439,QueryForge Works 2,Software,Australia,18,2025-02-06 11:40:39,Starter,500186,6,trialing,72.0,2025-02-06 11:40:39,,3.0,116.36666666666667,4.0,0.0,5,1086.59,15,13,0.8333333333333334,60.0,0.8666666666666667,False,2025Q1
600525,Relay Systems Digital 2,Manufacturing,Japan,74,2025-08-22 10:32:17,Growth,500581,51,active,1224.0,2025-08-22 10:32:17,,6.0,49.5,4.333333333333333,0.0,32,16187.14,13,11,0.6274509803921569,18.75,0.8461538461538461,False,2025Q3
693331,Lattice HQ Labs 2,Logistics,France,20,2023-08-10 09:04:53,Starter,501194,3,active,36.0,2023-08-10 09:04:53,,4.0,46.6,4.333333333333333,1.0,2,501.63,14,14,0.6666666666666666,200.0,1.0,False,2023Q3
597040,Gradient Labs Digital 2,Healthcare,United States,9,2024-02-24 07:10:37,Starter,501195,6,active,72.0,2024-02-24 07:10:37,,8.0,35.4,4.285714285714286,1.0,5,1012.47,14,14,0.8333333333333334,160.0,1.0,False,2024Q1
284692,StackBase Digital 2,Software,France,68,2025-05-20 11:29:34,Growth,501196,36,active,864.0,2025-05-20 11:29:34,,4.0,42.225,4.5,0.0,35,13903.59,16,14,0.9722222222222222,11.428571428571429,0.875,False,2025Q2
430738,EdgeFlow Technologies Partners 1,Manufacturing,Brazil,16,2023-07-02 14:08:45,Starter,500190,4,active,48.0,2023-07-02 14:08:45,,5.0,31.78,4.2,0.0,4,370.34000000000003,8,6,1.0,125.0,0.75,False,2023Q3
917868,StackBase Partners 2,Retail,Brazil,6,2025-09-23 12:23:25,Starter,501197,6,active,72.0,2025-09-23 12:23:25,,7.0,26.24285714285714,4.0,0.0,5,1369.77,19,14,0.8333333333333334,140.0,0.7368421052631579,False,2025Q3
133243,Catalyst CRM Technologies 2,Healthcare,France,13,2025-09-21 20:50:11,Starter,501198,2,active,24.0,2025-09-21 20:50:11,,4.0,56.0,3.6666666666666665,1.0,1,313.48,13,11,0.5,400.0,0.8461538461538461,False,2025Q3
296755,HorizonSaaS Holdings 1,Financial Services,United States,11,2023-11-09 15:04:29,Starter,500422,11,churned,132.0,2023-11-09 15:04:29,2024-11-11 15:04:29,3.0,54.333333333333336,3.0,0.0,9,1081.54,8,6,0.8181818181818182,33.33333333333333,0.75,True,2023Q4
225448,Kinetic AI Labs 2,Healthcare,Netherlands,220,2023-04-24 09:28:24,Business,500473,80,churned,3520.0,2023-04-24 09:28:24,2025-05-10 09:28:24,4.0,22.666666666666668,3.6666666666666665,1.0,64,37651.72,11,10,0.8,6.25,0.9090909090909091,True,2023Q2
928274,EdgeFlow Technologies Analytics 1,Software,Netherlands,30,2023-04-28 01:31:17,Growth,501199,20,active,480.0,2023-04-28 01:31:17,,3.0,58.93333333333334,5.0,0.0,16,5777.13,12,12,0.8,18.75,1.0,False,2023Q2
289034,FunnelSoft Partners 1,Manufacturing,India,55,2024-10-11 20:55:21,Starter,500073,8,churned,96.0,2024-10-11 20:55:21,2025-04-10 20:55:21,2.0,58.85,4.0,0.0,6,473.19,5,4,0.75,33.33333333333333,0.8,True,2024Q4
153452,Amplitude Corp Industries 2,Healthcare,France,22,2025-02-16 12:22:01,Starter,501200,8,active,96.0,2025-02-16 12:22:01,,9.0,35.833333333333336,3.888888888888889,0.0,4,1256.76,13,10,0.5,225.0,0.7692307692307693,False,2025Q1
572896,CloudPeak Systems Labs 2,Software,Canada,4,2023-10-16 23:09:15,Starter,500731,4,active,48.0,2023-10-16 23:09:15,,5.0,31.099999999999998,4.666666666666667,2.0,4,1117.85,23,20,1.0,125.0,0.8695652173913043,False,2023Q4
245270,Unified Ops Solutions 2,Healthcare,Australia,9,2023-07-12 12:39:35,Starter,500337,2,churned,24.0,2023-07-12 12:39:35,2024-09-22 12:39:35,5.0,58.2,3.6,0.0,1,290.38,12,10,0.5,500.0,0.8333333333333334,True,2023Q3
